"pres","min.temp","drought","gdd"
0,0.895666667,0.423066161,2076.156458
0,1.0935,0.313582918,2507.648931
1,-0.0115,0.365970003,1684.355614
1,1.766,0.697676698,2766.371602
0,0.652666667,0.3048073,2229.739534
1,0.074,0.175155535,2098.966459
1,-0.2935,0.099119596,2007.382655
1,0.255166667,0.310369612,2386.109164
0,1.020666667,0.514344465,2590.107141
0,1.498833333,0.794422654,2802.683606
1,0.631,0.380432913,2165.932283
1,1.347666667,0.470332122,2806.475405
1,0.402166667,0.185005733,2284.78264
0,0.198333333,0.174832208,2461.290273
1,0.116,0.38198242,2385.57218
0,0.316333333,0.593023374,2347.824935
1,1.091833333,0.772963657,2504.524099
1,0.877,0.738181082,2887.198426
1,0.889333333,0.750298563,2839.144506
1,0.8155,0.395837862,2566.267631
0,0.315,0.479169119,2330.66231
0,1.0745,0.401039603,2654.003773
1,0.353333333,0.302619415,2450.464844
0,-0.085666667,0.635137728,2299.913721
1,-0.463166667,0.553979252,2125.503556
0,0.179333333,0.585517417,2277.348635
1,3.196833333,1.03721865,3815.959756
1,0.7265,0.526391327,2779.6945
1,1.471333333,0.521046279,2970.724568
0,0.123833333,0.512926616,2177.321689
1,0.951333333,0.513447809,2974.643533
1,0.294333333,0.449412712,2436.199636
0,0.9415,0.478151714,2876.083747
1,-0.7585,0.153125968,1938.72583
1,-0.403,0.208132636,2171.136128
1,0.090833333,0.312237876,2444.859987
1,-0.075333333,0.379962157,2172.287702
1,0.539833333,0.525373197,2184.626353
1,0.098833333,0.671438432,2361.293493
0,-0.368333333,0.608295975,2122.079505
0,0.414333333,0.737993261,2299.484893
0,3.005833333,1.259064445,3862.807012
0,0.7885,0.246836124,2411.358233
1,1.471666667,0.568276132,3068.698246
1,-0.041,0.392040472,2395.255325
1,-1.232833333,0.272032491,1799.650241
1,-0.562833333,0.369522408,2188.438491
1,0.612333333,0.417117511,2649.59281
1,-0.655833333,0.143675753,2050.517793
1,0.621,0.278054888,2827.235275
1,0.381833333,0.578145624,2183.093615
0,2.544,1.182574755,3696.375558
1,0.837,0.536398995,2384.694716
1,1.102833333,0.431777697,2788.423072
1,-0.371333333,0.2716089,2193.717698
1,-0.915666667,0.168489252,2084.054651
1,-0.492333333,0.330383549,2430.304531
0,-0.587,0.281768357,2215.819954
1,-0.3465,0.26679204,2234.460892
0,0.000833333,0.331375467,2420.759709
1,2.353,1.167234665,3651.433472
0,2.724166667,1.364677141,3671.750876
1,1.701833333,0.971660767,3376.376229
0,2.1845,1.162607259,3571.988409
0,3.041666667,1.404485264,3943.485501
1,0.617333333,0.607544854,2623.471331
1,0.1795,0.337097954,2329.579193
1,0.079333333,0.571545517,2292.488002
1,0.509,0.720492509,2544.084819
1,0.4865,0.615463277,2574.979099
0,0.649,0.522446689,2920.009769
0,-0.5625,0.315834178,2253.726011
1,-0.963833333,0.22827472,2130.047164
1,-0.160666667,0.298011754,2801.551965
1,-0.3425,0.233745465,2346.516872
1,-0.721333333,0.292603199,2023.281953
1,0.001166667,0.24271996,2390.629961
1,0.328333333,0.376524911,2581.839263
0,0.057666667,0.328863287,2286.410551
1,0.338833333,0.367591655,2289.663367
0,0.3475,0.341939248,2171.926831
0,2.092,1.306721915,3513.294212
0,1.625666667,1.227318255,3433.314611
0,2.849,1.365515776,3911.971906
1,1.8745,1.385572809,3685.827452
0,2.036666667,1.347147724,3683.325754
1,2.621,1.476374832,3863.859427
1,-0.207166667,0.486011173,2610.605027
1,-0.864166667,0.246693895,2022.17088
1,-0.558333333,0.295920443,2248.257199
1,0.022666667,0.489484776,2755.286451
1,-0.163166667,0.418897813,2520.395657
1,0.000166667,0.295175683,2501.556536
1,0.7085,0.431119101,2916.176718
1,-0.897666667,0.159861227,2101.59626
1,-0.642833333,0.213662904,2539.065048
0,-0.709833333,0.174455315,2510.789154
1,-1.5595,0.133192804,1893.675959
1,-2.031166667,0.163792283,1663.443388
1,-1.3455,0.111491594,1918.979559
1,-0.678833333,0.266220939,2252.248378
0,-0.263,0.369150383,2330.7269
1,-0.197166667,0.494885386,2411.747067
1,-1.030333333,0.113704583,1922.007496
1,-0.2715,0.291923328,2480.907966
1,-0.341666667,0.28010856,2061.856028
0,0.237166667,0.392704404,2469.629578
1,0.776833333,0.354468514,2652.455965
0,1.385333333,0.488064149,2902.316099
0,1.594833333,1.262086578,3466.234175
1,0.887333333,1.093812359,3336.356642
1,0.443666667,0.912467655,3115.690689
1,1.092333333,0.997704055,3158.103512
0,1.949166667,1.313031613,3651.530503
0,1.31,1.119683654,3477.596384
1,1.561166667,1.116788773,3460.661651
1,0.767833333,0.783768367,2694.682221
1,0.011666667,0.643821333,2505.020802
0,0.070833333,0.273257213,2293.1577
1,0.122166667,0.493561874,2603.562562
1,0.057833333,0.467879557,2757.175332
1,-0.617833333,0.275226702,2414.098645
1,2.5255,1.279380887,3838.984171
1,-1.123833333,0.225662336,2194.250799
1,-1.468666667,0.165229167,2049.922248
1,-0.7445,0.246088687,2308.015707
1,-0.220833333,0.461326611,2404.444948
1,0.487833333,0.471607102,2833.892815
1,-1.368333333,0.12882512,1914.436768
0,-1.130333333,0.145078657,2336.376921
1,-2.344,0.124867381,1659.198851
1,-2.229333333,0.097207763,1738.351055
1,-1.300166667,0.156601546,2321.458386
1,-2.890333333,0.162217837,1373.180674
1,-1.394166667,0.304516351,2029.113448
1,-1.171,0.331154672,2164.816885
1,-1.691,0.211439123,1958.619203
1,-2.562833333,0.15311741,1454.03936
1,-1.2685,0.132706865,1985.940287
1,-0.240833333,0.363168664,2480.661372
1,0.142666667,0.395647379,2386.573637
1,0.964833333,1.109992663,3406.411194
1,0.382333333,1.044469437,3253.918242
1,-0.036166667,0.793603722,2945.918022
1,0.454666667,0.678017943,2873.946585
1,1.617,0.966675739,3541.214378
1,0.548,0.935710661,2624.855188
1,0.385833333,0.734094069,2670.939494
1,1.242333333,0.904712719,3528.136362
1,0.6995,0.636072386,2848.842876
1,-0.4195,0.427070439,2468.224103
1,-0.679166667,0.297515802,2345.035718
1,-1.100333333,0.284528738,2164.502902
1,1.676,1.173485775,3667.409572
1,-1.0265,0.181132861,2305.580907
1,-1.622666667,0.18053543,1993.54469
1,-1.098833333,0.227587018,2377.19745
1,-1.483166667,0.309790789,2084.122267
1,-1.723,0.161519047,1826.675591
1,-2.151333333,0.209133014,1480.55128
1,-0.399166667,0.25859283,2652.897274
1,-1.398,0.273837314,2063.168404
0,-1.709666667,0.219416613,1958.852368
1,-1.442,0.20718052,2291.775366
1,2.411333333,1.191081805,3842.530966
1,-1.923,0.17651003,2100.745216
1,-2.202166667,0.176368667,1990.009102
1,-2.1485,0.211298687,1995.075898
1,-3.347,0.169539236,1368.497962
1,-1.831666667,0.207145708,2096.495486
1,-1.726666667,0.180450063,2131.131559
1,-1.603833333,0.29509415,2160.357402
1,-2.268,0.249498068,1587.075877
1,-0.8535,0.295241729,2143.604783
0,0.754166667,0.624518781,2888.124082
1,1.099666667,0.760056965,2725.682128
1,0.925166667,1.032146425,3275.046809
1,0.124166667,0.913052536,3056.949867
1,-0.069833333,0.737999641,2939.948497
1,0.031833333,0.542433159,2771.582803
1,1.187333333,1.178725552,3149.162987
1,1.5675,1.281794078,3595.483883
0,0.365166667,0.896158343,2875.71603
1,-0.840333333,0.724703627,2338.973493
1,-1.0195,0.362176221,2080.411981
1,0.174,0.672024243,2627.28666
1,0.662333333,0.944433605,3261.573638
1,-1.128,0.290513214,1985.356233
1,-1.7765,0.205876937,1900.654421
1,-1.491166667,0.192832835,2103.016089
1,0.225666667,0.70019313,2920.087301
1,-1.064,0.327064422,2411.502007
1,-1.385,0.245145738,2162.987068
1,-1.249666667,0.195129611,2401.019045
0,-3.243,0.064417408,1325.582457
1,-2.915,0.163950494,1512.267606
1,-2.286,0.225305592,1779.553135
1,-2.622833333,0.242383447,1429.08336
1,-0.5885,0.490062942,2750.726505
1,-1.381833333,0.324918484,2186.0139
0,-2.072666667,0.345120581,1825.652886
1,0.6405,0.569405779,2917.52711
0,-2.941,0.346310183,1606.643836
1,-3.431666667,0.283330296,1507.413798
1,-4.111666667,0.262774397,1231.650263
1,-3.457666667,0.246775316,1506.562367
0,-2.959333333,0.227732115,1632.374004
1,-2.531,0.304679598,1825.201267
1,-2.383666667,0.302752025,1793.475592
1,-2.219666667,0.293904976,1798.054297
1,-1.540833333,0.408348834,1964.766769
1,-0.408833333,0.681959392,2469.943961
1,1.509,0.867156483,3263.789301
1,-0.429833333,0.409130504,2250.660732
1,-0.259,0.45920754,2411.778502
1,-0.264,0.480046202,2296.004732
1,0.123,0.501183609,2439.726765
1,1.5295,1.334103608,3546.715168
1,1.624666667,1.136500748,3338.350904
1,0.259333333,0.955129918,3111.497565
1,-0.166833333,0.723576071,2908.064542
1,0.1385,0.633221952,3027.698104
1,0.7155,1.220577277,3151.807952
0,1.552833333,1.036316338,3348.539604
1,1.706333333,1.181070515,3580.320595
1,0.095166667,0.880680708,2702.488323
1,-1.095,0.561364782,2324.966908
0,-1.328,0.453005339,2268.756349
1,-0.84,0.592182455,2523.191023
1,-0.423,0.630570776,2409.833091
1,0.5005,0.906927253,3180.905666
1,0.419333333,0.958805194,2803.234838
1,0.751333333,0.763304863,2878.535485
1,-0.254666667,0.483784785,2337.083813
1,-0.3335,0.418058551,2314.158297
1,-0.2725,0.42375645,2619.639625
1,-0.895666667,0.297827788,2287.292441
1,-0.094833333,0.593878304,2759.227429
1,-1.828333333,0.187677842,1910.398215
1,-2.110666667,0.16523957,1892.21938
1,-2.120666667,0.147592479,1934.027872
1,-2.430833333,0.218131216,1918.542564
1,-2.984166667,0.171171961,1588.861894
1,-2.315666667,0.188312347,1969.610132
1,-3.312333333,0.168810669,1429.227644
1,-2.2565,0.204701563,1781.695426
1,-1.3925,0.666884137,2419.727393
0,-2.930333333,0.350189781,1433.139088
1,0.2815,0.701449747,3068.416868
1,-2.354333333,0.558563823,1866.741594
1,-2.774333333,0.60062541,1801.235369
1,-3.754666667,0.616512833,1494.441759
1,-3.024666667,0.499470106,1867.697558
1,-3.746166667,0.489284635,1416.598659
1,-2.798333333,0.617014679,1847.738204
1,-2.848333333,0.520339396,1787.824464
1,-3.441666667,0.329840923,1413.054536
1,-2.921666667,0.471169115,1543.220722
1,-2.096333333,0.336433657,1824.192556
1,1.014166667,1.020992684,3366.297835
1,-1.497,0.272554025,2071.801031
1,-1.501,0.288926591,2028.873802
1,-1.876166667,0.212777754,1783.876651
1,-0.934166667,0.279535032,2198.821142
1,-0.295166667,0.416333454,2320.773828
1,0.090666667,0.632107303,2293.801353
1,0.750166667,0.594075001,2281.553949
1,0.325166667,0.936843335,3167.721773
1,0.4675,0.751335317,3097.874931
1,0.285333333,1.029353227,3269.209512
1,-0.443833333,0.704842975,2832.087603
1,-0.550333333,0.637296046,2634.017289
1,0.1605,1.068661623,2993.603822
0,0.605666667,1.026368273,2851.825616
1,1.174666667,0.954931605,3314.417567
1,1.6165,1.469066627,3473.310581
0,1.465166667,1.276358054,3354.913652
1,1.948833333,1.311192274,3691.77216
1,0.509833333,1.072857624,2841.916325
0,-0.397833333,0.775252727,2638.507737
1,-0.7505,0.690909029,2654.298419
1,-1.2055,0.584608118,2450.95747
1,-1.616,0.407238545,2203.414636
1,-1.811166667,0.341771685,2003.823508
1,0.892833333,0.999063857,3377.840345
1,-0.9965,0.781980541,2494.405651
1,-0.121,0.883615714,2757.995772
1,0.291,1.126697305,2945.363464
0,0.222333333,1.012692627,2914.010213
1,-0.362666667,0.73919855,2751.347623
1,-0.9585,0.456219741,2597.161652
1,-1.161666667,0.28551285,2310.4305
1,-0.556,0.515149568,2602.786947
1,-1.197333333,0.516848485,2211.363129
1,-1.190166667,0.275877967,2119.615661
1,0.672333333,1.033163622,3338.755672
1,-0.915166667,0.270951206,2493.679305
1,-0.970833333,0.201887603,2586.587527
1,-2.187833333,0.177644954,1991.89099
1,-3.38,0.187837407,1410.768729
1,-2.599833333,0.293742401,1809.616654
1,-2.578333333,0.316674937,1873.68532
0,-2.905666667,0.298564716,1682.986243
1,-2.856666667,0.370787638,1701.498701
0,-3.223166667,0.614113044,1498.930039
1,-2.617,0.449756183,1650.467843
1,0.699833333,1.152010135,3379.615957
1,-1.801833333,0.787366477,2147.44974
1,-2.581666667,0.756852727,1789.052226
1,-3.164833333,0.829964046,1753.656774
1,-3.162666667,1.028589194,1930.46965
1,-3.5045,0.556007322,1631.561134
1,-3.527,0.750638089,1574.30598
0,-2.715,0.884262902,1969.259987
1,-3.483166667,0.603636029,1585.277219
1,-3.3225,0.275329147,1535.676258
1,-2.218833333,0.438603188,2078.94156
1,0.6,1.082609664,3336.521927
1,-1.882,0.420639472,2230.691058
1,-2.748833333,0.18987604,1678.992348
1,-2.829166667,0.07598392,1605.989492
1,-1.772,0.191221072,2138.937262
1,-1.996166667,0.270901251,1810.928298
1,-1.6965,0.231660471,1719.427088
1,-0.273,0.322498384,2036.411086
1,0.331833333,0.948313179,3193.007096
1,0.464333333,0.918869225,3193.659826
1,1.564,1.198285914,3584.780185
1,1.456666667,1.085357358,3463.957595
1,0.677833333,1.030215855,3332.625735
1,0.037333333,0.873277842,3194.005086
1,-0.399333333,0.740306852,2986.83064
1,-0.541666667,0.659544712,2757.349734
1,-0.413833333,0.88045566,2810.296787
0,0.251833333,0.821417079,2834.563965
1,0.4445,0.517508034,2550.362801
1,1.938833333,1.133073505,3619.799445
1,1.671666667,1.165336486,3521.342962
1,0.812666667,1.016792504,3218.977248
0,0.965666667,1.014976326,3186.276515
1,2.158333333,1.377165421,3823.179745
1,0.183166667,0.876373747,2734.233051
0,-0.165833333,0.876156265,2850.19848
1,-0.706333333,0.817607086,2706.710125
1,-2.4455,0.373743865,1786.13573
1,-2.677666667,0.266125614,1723.872545
1,-2.018166667,0.342373817,2091.621053
1,1.154166667,1.167855776,3633.036222
1,-1.851333333,0.634004318,2111.838946
1,-1.2825,0.725221711,2374.732924
1,-0.880166667,0.980564848,2581.684766
1,-0.853333333,0.868605119,2608.544541
1,-1.161833333,0.68993425,2491.152387
1,-1.481666667,0.580668713,2263.255729
1,-0.67,0.732604178,2762.312974
1,-0.894,0.885334096,2489.665111
1,-0.755833333,0.720436179,2646.692416
1,-1.9265,0.464416931,1913.736241
1,0.6675,1.022288843,3341.210894
1,-1.676166667,0.350914138,2180.190745
1,-1.998666667,0.342149431,2073.470338
1,-2.719833333,0.28676659,1849.033648
1,-4.141333333,0.194560972,1211.45188
1,-2.985666667,0.312414518,1705.594756
1,-2.757833333,0.607801759,1993.031453
1,-3.688333333,0.475723641,1471.771686
1,-3.465,0.51595309,1575.470122
1,-3.991666667,0.663500888,1317.690773
1,-3.616833333,0.497598759,1420.99812
1,0.678,1.149661475,3372.187868
1,-2.987833333,0.68231584,1505.787466
1,-1.9675,1.096821505,2149.422745
1,-3.282333333,0.799238162,1523.965387
1,-3.013833333,1.184456631,1846.153346
1,-2.803166667,1.058786436,1903.311892
1,-2.8655,1.125722827,1963.550302
1,-3.182,0.996171307,1781.432277
1,-3.791,0.814351762,1487.633081
1,-3.249833333,0.538385256,1754.374144
1,-3.269166667,0.537026623,1773.560234
1,0.3885,1.01897632,3170.033877
1,-2.719166667,0.686711965,2051.248466
1,-2.628666667,0.372618121,1949.214164
1,-2.3975,0.431999183,2067.121533
1,-2.897333333,0.249252644,1598.867595
1,-2.062666667,0.219096213,1849.046907
0,-1.345166667,0.404321455,1956.695369
1,0.524,1.167706816,3302.094091
1,0.59,1.164161589,3350.160344
1,0.732,1.19017146,3247.788408
1,1.665666667,1.213271335,3647.787871
1,2.487833333,0.851696092,3617.416855
1,0.722166667,0.910028455,3459.790128
1,0.0425,0.688985284,3111.979231
1,-0.03,0.72747123,3191.557312
1,-0.553166667,0.713722905,2897.761508
1,-0.785666667,0.53087737,2580.41042
1,-0.3605,0.84054265,2893.120373
1,-0.060666667,0.812290956,2997.70351
1,0.637833333,0.98016464,3062.833502
1,0.393666667,0.372670189,2922.90467
1,0.273,0.288812841,2764.723421
1,0.963666667,0.788370568,3329.369606
1,1.174333333,0.952992172,3346.905277
1,1.5485,1.33143769,3623.000176
1,-0.720166667,0.794168134,2409.193056
1,-1.682,0.344796809,2093.706031
1,-1.996666667,0.288255799,2152.219804
1,-2.770666667,0.24581275,1759.178066
1,-2.3795,0.466462376,2018.594104
1,0.768666667,0.940231519,3377.430618
1,-2.369833333,0.62499782,1909.553177
1,-1.788833333,0.644856903,2206.412945
1,-1.411333333,0.891540663,2442.7659
1,-1.4135,0.77695352,2435.334822
1,-1.812666667,0.546036833,2157.228629
1,-1.224333333,0.632241627,2447.791128
0,-0.511,1.07594239,2871.006222
1,-1.0825,0.762002965,2483.357462
1,-0.947,0.814781861,2637.761373
1,-1.4695,0.68146238,2479.625368
1,0.102666667,0.788313407,2993.770515
1,-2.155666667,0.557854971,2121.071975
1,-2.150166667,0.465944215,2128.11764
1,-2.860833333,0.407000399,1766.339662
1,-2.97,0.442492781,1759.481221
1,-3.1655,0.592162842,1689.940538
1,-3.084166667,0.733867552,1950.852008
1,-4.013,0.700126822,1481.132604
1,-4.062666667,0.42779351,1346.286791
1,-3.695333333,0.630217643,1521.614793
1,-3.561666667,0.867303932,1630.404102
1,-0.025833333,0.726063579,2850.141484
1,-3.7085,0.637753855,1372.656323
1,-2.401166667,1.009034385,1888.768697
1,-1.643,1.272922185,2428.244126
1,-2.353166667,1.186517124,1878.043683
1,-1.463666667,1.500392656,2516.049458
1,-1.9105,1.533752308,2365.765333
1,-2.880833333,1.135486775,1855.853275
1,-2.856,0.826490018,1994.76027
0,-3.841,0.714763313,1488.868648
1,-2.647333333,0.948439265,2284.952464
1,0.387666667,0.95367115,3147.888094
1,-3.089666667,0.913288971,1923.614254
0,-2.728,0.744323596,2111.393462
1,-2.605,0.946265932,1952.700888
1,-2.5,0.600014511,1941.124264
1,-2.127333333,0.49182401,1915.050044
1,-1.635333333,0.46205067,1900.527597
1,-0.526833333,0.799541235,1959.879802
1,0.415666667,1.397825787,3240.972373
1,0.278833333,1.063883454,3125.435629
1,0.528166667,1.096818904,3331.223318
1,0.748333333,0.892603171,3307.119843
1,1.439333333,0.706486986,3193.700334
1,1.035,0.878036432,3504.051328
1,-0.024666667,0.734484942,3029.019641
1,0.303833333,0.799776776,3359.510273
1,-0.21,0.827316671,3064.862122
1,-0.755666667,0.632030611,2653.855816
1,-0.7585,0.643358292,2558.246818
1,-0.443666667,0.759268832,2857.342712
1,-0.701333333,0.672085166,2530.512565
1,-0.036666667,0.801702814,2881.184082
1,0.658,0.96415829,3232.866566
1,0.643166667,0.91762897,3107.166767
1,0.591166667,0.673869172,2992.708606
1,0.2495,0.661294141,2842.003411
1,0.251,0.425248012,2659.885695
1,0.320833333,0.528991725,2923.780453
1,0.161833333,0.375196498,3064.511977
1,-1.029833333,0.078845865,2164.628769
1,-0.4105,0.325812132,2254.230799
1,2.029833333,1.013859582,3637.132419
1,0.592333333,1.016230044,3314.975708
1,-1.025166667,0.705458078,2387.14431
1,-1.555166667,0.492336342,2282.631217
1,-1.568,0.539884704,2437.639251
1,-2.0895,0.780228526,2257.4907
1,-2.718666667,0.591009768,1923.323909
1,-0.65,0.519636174,2519.791332
1,-2.891666667,0.249743636,1731.45069
1,-2.0595,0.727251759,2194.460821
1,-1.879833333,0.756786409,2251.740786
1,-2.079,0.577073489,2146.109369
1,-2.020666667,0.551962734,2107.971873
1,-1.284166667,0.79934802,2367.691086
0,-0.488333333,1.145173065,2793.519576
1,-1.185166667,0.860368709,2556.74894
1,-2.0725,0.471519665,2007.38936
1,-1.466,0.895549552,2522.201962
1,-0.707166667,0.539795862,2646.63943
1,-1.778833333,0.775436185,2446.610612
1,-3.239333333,0.396702921,1578.614359
1,-2.157,0.580335178,2071.616976
1,-2.141166667,0.664668354,1878.523834
1,-2.588666667,0.528679269,1816.933589
1,-3.469333333,0.863051399,1820.1605
1,-3.677666667,0.823787661,1740.722842
1,-3.763,0.607508328,1595.54992
1,-3.507833333,0.853468079,1708.340206
1,-4.331,1.02859111,1482.103104
1,-1.077166667,0.390595165,2230.238868
1,-5.226333333,0.549809924,1018.657519
1,-4.434,0.593365201,1263.863095
1,-2.935,0.932494673,1745.924535
1,-1.636666667,1.272068029,2291.037001
1,-1.100333333,1.393612964,2515.135369
1,-1.233,1.44148721,2300.998495
1,-1.543333333,1.682466573,2430.999962
1,-2.52,1.195449606,1965.376727
1,-2.807333333,0.901714896,1985.458886
0,-2.767166667,1.211560374,2170.332781
1,-0.057166667,0.938141977,2883.450808
0,-3.164833333,1.101983805,1988.398567
0,-3.4275,1.076297178,1868.393701
1,-3.2795,0.797344103,1734.50252
1,-2.774333333,0.707005903,1838.799139
1,-1.878666667,0.811442251,2125.196541
1,-1.397833333,0.756171013,2114.988628
1,0.335333333,1.404862336,3225.275067
1,0.099,1.16682015,3047.144668
1,0.216833333,1.050423849,3237.204242
1,-0.656166667,0.547515412,2519.175415
1,0.164,0.47398344,2583.241494
1,1.374,1.000035894,3663.553184
1,-0.126833333,0.708443542,3014.666685
1,-0.644666667,0.55931056,2655.225274
1,-0.207333333,0.725454458,3077.593682
1,-0.553,0.808002507,2907.874883
1,-1.406333333,0.552201268,2271.535687
1,-1.291666667,0.459673534,2305.344939
1,-0.9315,0.638893571,2587.813574
1,-0.730666667,0.621902967,2741.307832
1,-1.078833333,0.482667639,2288.349667
1,-0.7075,0.460994701,2649.115103
1,-1.271166667,0.348197994,2314.368278
1,-0.731166667,0.348280325,2593.945986
1,-0.461166667,0.434527332,2804.949367
1,-0.779166667,0.310141386,2475.32507
1,-1.1165,0.259250405,2248.668312
1,-0.585,0.235775227,2774.552417
1,-0.715166667,0.325063654,2264.986534
1,0.6685,0.689679495,2744.9229
1,1.6355,1.319284865,3660.146144
1,0.683666667,1.006482827,3355.275088
1,0.187833333,0.915788183,2772.948229
1,-0.869,0.742413067,2596.896163
1,-1.121833333,0.802270913,2668.912649
1,-1.689833333,0.749402413,2321.585372
1,-2.034166667,0.727832937,2215.305612
1,-2.6275,0.626859044,1926.311357
1,0.392666667,0.879308853,3294.886929
1,-2.854,0.502326967,1841.841578
1,-2.477666667,0.746301328,2090.4977
1,-2.791,0.546028561,1896.535975
1,-2.6275,0.598757209,1902.006877
1,-1.8355,0.827784462,2277.666471
1,-1.144,1.122625799,2651.56488
1,-1.182333333,1.204517776,2607.487649
1,-1.497,0.889246407,2544.571791
1,-2.338833333,0.555325128,1954.878274
1,-1.5745,0.915358217,2467.24185
1,0.2485,1.011680519,3143.148399
1,-1.8805,0.869766578,2375.609447
1,-2.702666667,0.46059223,1893.220884
1,-2.308,0.694035776,2010.477441
1,-2.294333333,0.594614175,1539.31442
1,-1.362166667,0.96064311,2330.68157
1,-3.401833333,0.66573461,1610.849892
1,-3.4745,0.953123681,1799.105443
1,-3.940166667,0.723823167,1617.02254
1,-4.253666667,0.570703435,1387.493169
1,-3.812166667,1.200850509,1796.431544
1,-0.003166667,1.125293337,2972.851324
1,-4.778333333,0.793274015,1365.97119
1,-4.378333333,0.576861581,1467.102781
1,-3.619,0.672375158,1653.214453
1,-2.6865,0.911978522,1833.104225
1,-1.0745,1.331735785,2459.384867
1,-1.637333333,1.474833286,2240.989606
1,-2.1475,1.282058133,2189.814839
1,-2.576166667,1.20508523,2029.739747
1,0.253,1.53202952,3142.148529
1,-2.791333333,1.211340229,2135.77947
1,-3.184166667,0.965724139,1941.007511
1,-3.138333333,0.638812146,1796.462946
1,-2.345166667,0.952420057,2118.354667
1,-1.982833333,1.119257623,2094.218005
1,-1.223666667,1.024460502,2322.853729
1,0.306166667,1.492187167,3300.388225
1,-0.128,1.127799041,2970.987649
1,-0.280833333,0.885437804,2909.132524
1,-0.826,0.607434034,2452.715555
1,-0.139166667,0.612681412,2499.864023
1,0.54,0.991944405,3254.312401
1,-0.206333333,0.511292867,2915.357386
1,-0.265,0.561965714,3143.717538
1,-1.113166667,0.483200785,2559.895551
1,-1.806,0.389811555,2076.555953
1,-0.847166667,0.882002602,2827.015004
1,-1.574166667,0.619546701,2311.537439
1,-2.049166667,0.444100709,2044.249954
1,-1.964666667,0.435493057,2097.618217
1,-2.266333333,0.43407456,1941.493371
1,-2.194666667,0.292967368,2001.713941
0,-1.465666667,0.442859238,2311.922412
1,-0.849,0.62701398,2776.666529
1,-1.554,0.319333034,2192.533122
1,-1.279166667,0.39867126,2358.725248
1,-1.942666667,0.35669011,1920.01379
1,-1.435833333,0.343347909,2228.364589
1,-0.7275,0.799114312,2704.418053
1,-0.691166667,0.841332582,2568.028892
1,0.429333333,1.338139641,2871.470584
1,1.116666667,1.136733967,3427.62425
1,-0.342166667,0.888508786,2812.933286
1,-1.11,0.915512833,2660.738728
1,-1.9005,0.675121794,2159.455069
1,-1.859166667,0.750909122,2189.107068
1,-1.758,0.819601755,2360.197675
1,1.212666667,1.456512135,3637.973693
1,-2.324666667,0.769146014,2154.381053
1,-2.751,0.696305529,1934.320203
1,-2.847166667,0.667300448,1948.540999
1,-2.211333333,0.90027995,2183.915338
1,-1.675833333,1.237901919,2447.538992
1,-1.720833333,1.298209599,2381.572817
0,-1.9415,0.985024224,2213.625349
0,-1.594,0.922092942,2401.946331
1,-1.015833333,1.026750303,2702.064815
1,-1.2955,1.250194173,2559.954176
1,1.138333333,1.490037523,3641.463714
1,-1.815666667,0.893902623,2299.082461
1,-2.269833333,0.697046857,2175.999944
1,-2.704,0.807763265,1974.692954
1,-3.003666667,0.608347013,1581.831392
1,-2.775666667,0.897893462,1837.188975
1,-3.160333333,1.02373458,1824.088008
1,-3.304333333,1.18579381,1937.583806
1,-3.827833333,0.905649362,1729.810399
1,-4.855333333,0.581125703,1230.832168
1,-4.0495,0.999711746,1647.632647
1,0.366666667,1.406298078,3176.146418
1,-3.7465,1.274575748,1927.352992
1,-4.169166667,0.794325284,1597.862936
1,-3.864333333,0.888717449,1653.34885
1,-3.4365,0.915017191,1684.513327
1,-2.373333333,0.864862634,1958.221153
1,-0.972333333,1.549324169,2552.207395
0,-0.816166667,1.585190893,2366.849536
1,0.379333333,1.653554491,3302.929924
1,-2.2925,1.107685366,2040.747152
0,-2.946666667,1.141599737,1949.534931
1,-2.9375,0.97326505,1929.083199
1,-2.732166667,1.068809145,1946.980085
1,-2.554333333,0.85259786,1885.144249
1,-1.806166667,0.989984872,2113.235252
0,-0.5135,1.098348194,2328.623023
1,0.306833333,1.542170069,3324.954334
1,-0.174833333,1.123638646,2985.948948
1,-0.215333333,1.008434565,3003.567487
1,-0.408833333,0.873588323,2760.240123
1,0.550333333,1.162007041,3024.55845
0,0.584333333,1.168999388,3387.169153
1,-0.43,0.790359492,3102.297551
1,-1.423,0.393887378,2304.734591
1,-1.215166667,0.3956239,2529.225101
1,-1.292833333,0.486677352,2464.400549
1,-1.071833333,0.593871221,2716.820165
1,-1.464,0.865020978,2407.342633
1,-1.374166667,0.743350558,2493.471391
1,-1.626666667,0.687698034,2394.990745
1,-2.136166667,0.649193828,2093.02267
1,-1.989,0.734612234,2150.762112
1,-1.573166667,0.778921715,2442.152724
1,-1.8345,0.73936883,2168.713549
1,-1.3485,0.618081902,2422.473145
1,-1.763666667,0.414143497,2100.542102
1,-1.911166667,0.418665983,1909.394181
1,-1.457666667,0.670329564,2293.42632
1,-1.9985,0.593968863,2181.342033
1,-2.390166667,0.652222041,2044.585606
1,-1.453666667,0.85368559,2303.038184
1,0.174,1.334218906,2906.347689
1,-1.3675,0.655080384,2283.911792
1,-1.029333333,0.844835722,2635.82821
1,-1.529,0.916149069,2392.640758
1,-2.165666667,0.825436277,2208.003113
1,-3.306166667,0.510788336,1688.584792
1,-2.811333333,0.438701727,1935.943077
1,-2.693666667,0.798539333,2090.654022
1,-2.479,0.923994543,2113.824017
1,-2.592333333,1.169010749,2176.345189
1,-2.510666667,0.952480204,2082.035445
0,-2.015166667,0.968655087,2219.963572
1,-1.1015,1.117931948,2543.071913
0,-0.639333333,1.361467447,2871.254468
1,-1.349166667,1.206209446,2630.356865
1,-2.697166667,0.495312865,1825.785106
1,-1.880166667,1.108720088,2473.46312
1,-2.355333333,1.071682203,2187.631419
1,-3.124166667,0.708485442,1767.678293
1,-2.941666667,0.852158729,1872.422783
1,-2.5245,1.20081806,2235.0705
1,-3.3775,1.184162922,1888.629133
1,-4.529,0.791583119,1423.68353
1,-4.9295,0.619331013,1428.842461
1,-5.673,0.451045987,1004.613014
0,0.736166667,1.626577832,3465.172417
1,-3.576333333,0.681656906,1888.021076
1,-3.280666667,1.263445914,2110.486484
1,-3.504833333,1.238492949,1952.418937
1,-3.383333333,0.876238437,1843.746283
1,-2.521333333,1.043731335,2127.649268
0,-1.560833333,1.399213536,2385.354129
1,0.652,1.762355501,3527.940065
1,-2.758,0.776007192,1809.856454
1,-3.0735,1.167144795,1937.769009
0,-3.480166667,0.893191987,1575.520443
1,-2.497,1.02225086,1998.118094
1,-1.911833333,1.103896885,2069.534042
1,0.3585,1.535772429,3376.461516
1,0.009,1.363399736,3168.642045
1,-0.5115,1.176079814,2865.046703
1,-0.225,1.039340331,2865.333691
0,-0.245666667,1.071274269,3183.620673
1,-0.349833333,0.719435388,3177.765115
1,-0.682666667,0.625671469,2824.536852
1,-0.830833333,0.754905238,2824.786407
1,-1.884833333,0.434203494,2092.497642
1,-1.272,0.632735511,2548.793072
1,-1.178833333,1.184019468,2665.186986
1,-1.3565,0.961955866,2453.068584
1,-0.891333333,1.194141314,2931.285082
1,-1.558166667,1.059465224,2515.102094
1,-1.938666667,0.980735865,2250.639925
1,-1.628333333,1.178944713,2349.889972
1,-1.276833333,1.218216179,2556.826774
1,-1.411166667,0.816932372,2319.518936
1,-1.140833333,0.775553055,2564.176477
1,-1.712666667,0.635802171,2167.762129
1,-1.246666667,0.853604901,2531.065861
1,-1.602333333,1.058416737,2465.048643
1,-2.025333333,0.863900071,2171.734452
1,-1.040833333,1.219503962,2614.260018
1,0.3255,1.630944788,3272.015821
1,0.295166667,1.029991169,3015.695281
1,-0.3245,0.65361178,2676.931184
1,-0.188666667,0.776955594,2761.721855
1,0.404833333,1.066511485,2969.904854
1,-0.751666667,1.095437775,2756.199218
1,-1.497833333,0.925543097,2428.404564
1,-2.528166667,0.523197697,1955.000544
1,-2.557333333,0.447884368,2066.288795
1,-3.0115,0.515432247,1860.903351
1,-3.325166667,0.562927911,1631.592951
1,-2.554666667,0.907479714,2083.417524
1,-2.9715,1.113874611,2050.614792
1,-2.544666667,0.965409926,2064.936538
1,-1.939,1.074424382,2307.325364
1,-1.2985,1.206594785,2446.54447
1,-0.846833333,1.456817718,2736.52072
0,-1.773,1.130230475,2375.666578
1,-2.678666667,0.66961575,1930.566511
1,-1.727,1.070619256,2479.969826
1,-1.8805,1.301055902,2456.171052
1,-2.301833333,1.025409808,2207.242961
1,-2.3955,1.097858768,2249.634269
1,-3.412833333,1.041355567,1765.432062
1,-3.875333333,0.94654209,1709.984509
1,-4.815333333,0.68971116,1276.450112
1,-4.745166667,0.801794234,1429.398316
1,-5.317666667,0.686856545,1232.835408
1,1.135666667,1.828082591,3481.59329
0,-4.908166667,0.300605625,1254.742597
1,-3.5195,0.902279745,1989.045507
1,-4.01,1.217501701,1899.651556
1,-3.868,1.018435802,1798.932838
1,-2.676833333,1.058868724,2059.396044
1,-1.315666667,1.3351709,2505.937759
1,0.615666667,1.733128772,3468.418144
1,-2.907166667,0.871070249,1750.344131
1,-2.944666667,0.856654411,1812.282107
1,-2.389,0.970977075,1989.878784
1,-1.925166667,0.930209789,2075.821288
0,-0.869166667,1.085265624,2247.347836
1,-0.164333333,1.344172834,3042.87736
1,-0.081166667,1.351750102,3020.202657
1,0.084833333,1.590581994,3326.720755
1,0.165833333,1.479767315,3196.369595
1,0.305833333,1.169557674,3417.814608
0,-0.539666667,0.934311345,2994.753503
1,-0.9485,0.858084185,2693.025404
1,-1.068333333,0.841345068,2575.314944
1,-1.234,0.739092341,2440.952918
1,-0.371333333,1.369214252,3145.358791
1,-0.8355,1.365148171,2796.468589
1,-1.512333333,1.201192301,2416.887479
1,-1.175,1.273250489,2709.63002
1,-1.489833333,1.252248689,2577.450573
1,-1.928333333,1.07265599,2276.548854
1,-1.5915,1.164130964,2351.569351
1,-0.719666667,1.445086416,2953.257412
1,-0.586833333,1.360817705,2918.942238
1,-0.926833333,1.241565977,2700.28828
1,-1.446333333,1.066656888,2503.136127
1,-2.366166667,0.694349662,1869.60479
1,-1.415166667,1.066087665,2433.373027
1,-0.457166667,1.356610041,3017.177128
1,-0.900666667,1.443601779,2692.256051
1,-0.528166667,1.341004581,2801.007525
0,0.489666667,1.389966186,3217.405176
1,-0.357,0.786618334,2589.84181
1,-0.584666667,0.739953665,2790.602802
1,-1.67,0.452775076,2304.12211
1,-2.3575,0.254653304,1883.535169
1,-1.258,0.618556242,2580.209974
1,-0.866833333,0.946401371,2632.91728
1,-0.327666667,1.051245235,2797.741357
1,-0.014,1.072661085,2924.137509
1,-1.046,0.823893189,2616.083809
1,-1.383333333,0.883871544,2542.733442
1,-1.907666667,0.751094392,2344.831854
1,-2.733,0.693000535,2009.455316
1,-3.761666667,0.430941631,1472.085878
1,-2.934833333,0.630577427,1750.310831
1,-2.2205,0.938805229,2137.013903
1,-2.334,0.984183173,2085.794674
1,-2.700833333,0.771846434,1923.830942
1,-2.0025,1.117554943,2248.747626
1,-1.234,1.490906361,2626.787089
0,-0.897,1.466445442,2610.733141
1,-1.779666667,1.078240764,2337.761498
1,-2.213333333,1.03709296,2246.985323
1,-1.734166667,1.175521952,2397.488584
1,-1.588666667,1.612067957,2627.590254
1,-1.781166667,1.453767786,2504.732106
0,-2.264333333,1.254252175,2251.480707
1,-2.972666667,1.014391686,1989.610961
1,-3.771166667,0.963438578,1738.118143
1,-4.293833333,0.699886154,1490.953303
1,-4.638166667,0.685654927,1409.20299
1,-4.8725,0.965015692,1378.340825
1,-4.835833333,0.442291544,1327.632614
1,-4.2895,0.696067305,1610.792051
1,-3.947,0.903896301,1726.700574
1,-3.297666667,1.103585506,2005.036466
1,-3.1305,0.841467597,1852.684874
1,-2.194166667,1.091083138,2198.1046
0,-1.05,1.578129741,2596.317876
1,0.123166667,1.477428591,3127.517533
1,-2.024666667,0.99838681,2016.232836
1,-2.086,0.971813782,2031.659288
1,-1.649833333,1.117611687,2216.460758
1,-0.977833333,1.175657142,2260.566201
1,-0.447,1.27936555,2906.867967
1,-0.215833333,1.264172753,3009.397633
1,0.192666667,1.834485712,3444.343832
0,0.158333333,1.582115861,3240.824303
0,1.053333333,1.675225169,3601.92139
0,0.090666667,1.173734003,3409.354024
1,-1.011,0.946513974,2788.942538
1,-1.4035,0.865740553,2398.259967
1,-0.672,1.07791435,3016.576937
1,-2.077333333,0.985896005,2037.278163
1,-1.883,0.889886189,2104.20573
1,-0.9235,1.515631412,2934.485632
1,-1.485333333,1.188533834,2495.992101
1,-1.363333333,1.118015872,2642.541614
1,-1.605666667,1.152991166,2505.608405
1,-1.626166667,1.099472521,2375.414261
1,-0.7215,1.509589645,2989.698904
1,-0.482166667,1.534254115,3070.326535
1,-0.555166667,1.532235185,3029.384239
1,-0.976166667,1.390133309,2778.33778
1,-1.381,1.056887078,2531.46617
1,-1.238666667,1.203852842,2624.511605
1,-1.4775,1.005152517,2371.604022
1,-1.0165,1.168132668,2714.396171
1,-0.463666667,1.30616633,2968.288855
0,0.625,1.645452046,3362.430165
1,-0.353,0.780620348,2835.065115
1,-0.904166667,0.718550843,2900.33518
1,-2.067166667,0.318970692,2250.682128
1,-3.041166667,0.157577139,1684.805838
1,-2.0925,0.174054301,2155.277247
1,-1.399666667,0.438218861,2552.29074
1,-1.3175,0.770880099,2515.869669
1,-1.048166667,0.961697021,2705.379797
0,-0.664,1.125866224,2844.514456
1,-0.820333333,1.008532029,2783.275541
1,-1.481833333,0.638063109,2480.004096
1,-2.039,0.553609149,2217.073247
1,-2.452833333,0.457910036,2109.979953
1,-2.825166667,0.374934862,1971.556507
1,-2.863666667,0.45891876,1977.880742
1,-3.201833333,0.597004226,1709.530947
1,-2.443166667,0.857055934,2076.144627
1,-2.377333333,1.097662015,2090.923151
1,-2.219,1.086523458,2147.374881
1,-1.676666667,1.109608348,2241.572163
1,-0.5275,1.636167002,2818.472836
1,-1.330333333,1.210035093,2427.40316
1,-2.048333333,1.041625302,2171.670266
1,-1.626833333,1.304491653,2451.93302
1,-1.549166667,1.52622666,2481.718849
1,-2.0015,1.27928176,2189.725773
0,-1.967333333,1.394821636,2411.501808
1,-2.9775,0.937993427,1915.911644
1,-3.757833333,0.87661885,1715.569569
1,-5.231833333,0.568867438,1086.931749
1,-5.335333333,0.517274338,1022.969661
1,-4.201666667,1.156559043,1671.108018
1,-4.244,0.859991834,1554.682837
1,-4.286,0.771090815,1486.970476
1,-3.379166667,1.068442214,1898.963285
1,-3.390333333,0.991930869,1794.735864
1,-2.697166667,1.091354505,2064.145732
1,-2.012166667,1.129154611,2238.365288
1,-1.1625,1.530007421,2598.004812
1,0.339,1.378049011,3169.858303
0,-1.824166667,1.008671304,1998.488992
1,-1.64,1.211873634,2162.50024
0,-1.123,1.21220504,2198.550967
1,0.192666667,1.507775817,3322.526557
1,0.190333333,1.563431213,3346.699329
0,0.316333333,1.833463261,3472.437798
0,0.461333333,1.89159188,3568.207191
0,0.743166667,1.769664617,3582.997231
0,1.081666667,1.661324235,3604.261153
0,1.049,1.523333779,3442.556634
0,0.6475,1.48896764,3519.84524
1,-0.237333333,1.351436175,3289.408427
1,-0.577333333,1.256384825,3139.249923
1,-0.892333333,1.371605115,2796.517028
1,-0.735833333,1.318438593,2934.313016
1,-0.945833333,1.31992646,2789.458413
1,-0.704666667,1.580649417,2962.480183
1,-0.697833333,1.670533181,2955.119008
1,-1.103833333,1.488735255,2745.898117
1,-1.424666667,1.372311788,2546.226841
1,-1.196,1.47637237,2770.069748
1,-1.2405,1.504070395,2614.607072
0,-1.013,1.475197963,2757.54187
0,-0.629333333,1.619983659,3014.597467
0,-0.3665,1.690718681,3135.179056
1,-0.4635,1.581181333,3049.612568
1,-0.529333333,1.633927267,3023.01109
1,-0.433,1.51791712,3044.430276
0,-0.004,1.641120157,3250.625604
0,0.0905,1.708942625,3241.835882
0,0.633166667,1.41935842,3305.425012
0,0.951666667,1.403301227,3379.163664
0,0.704333333,1.324896447,3235.061609
0,0.365,1.236438656,3119.810562
0,0.617333333,1.192481081,3155.718945
0,0.830166667,1.143913421,3183.443746
1,-1.009,0.573179537,2807.260522
1,-1.764,0.366410809,2365.416758
1,-1.820833333,0.268879872,2405.048131
1,-2.3675,0.284940101,2021.072942
1,-2.931833333,0.447536282,1778.624881
1,-1.944833333,0.425168396,2208.170854
1,-1.3025,0.850347946,2576.550589
1,-0.731833333,1.184108626,2824.33776
0,-0.768333333,1.089193853,2844.350506
1,-1.394333333,0.759423285,2574.761278
1,-2.103166667,0.497449568,2247.625982
1,-2.786,0.561408084,1925.24806
1,-2.8805,0.570218511,1917.871775
1,-2.935666667,0.695341149,1894.422341
1,-2.9865,0.868075723,1849.633745
1,-2.5915,1.073230643,2117.744369
1,-2.965166667,0.838359672,1785.942024
1,-2.320333333,1.000682421,2032.69339
1,-0.994833333,1.580544045,2677.050367
1,-1.336666667,1.32764134,2420.352483
1,-1.273833333,1.526547598,2565.902521
0,-1.074,1.553778694,2573.11164
1,-1.3465,1.370536991,2392.528472
1,-2.010333333,1.260456111,2280.819749
1,-2.655833333,1.179776932,2045.440312
1,-3.246833333,0.834411751,1831.163296
1,-3.785166667,0.750830187,1583.83434
1,-3.980666667,0.853294025,1528.700245
1,-3.941666667,1.250859246,1695.574637
1,-3.847333333,1.077523325,1653.274349
1,-3.951833333,0.884155206,1649.961846
1,-3.949,0.684074891,1557.145536
1,-3.1645,0.82175143,1864.449287
1,-2.375,1.110842337,2157.515469
1,-1.513166667,1.176036166,2426.304783
1,0.567666667,1.387441713,3208.024119
0,-0.761333333,1.199994387,2255.173422
0,-0.720333333,1.229397388,2169.100559
1,-0.073666667,1.423573847,3096.866787
1,0.233166667,1.658999073,3381.9978
0,0.133,1.851301502,3442.760472
0,0.147833333,1.70291603,3394.177798
0,0.289833333,1.636884831,3450.385351
0,0.277833333,1.476003768,3419.459614
0,0.641166667,1.518736381,3518.794447
1,-0.504833333,1.239611116,2940.445763
1,-0.311666667,1.56676201,3297.957665
1,-0.524166667,1.673539629,3119.784886
1,-0.8875,1.648517801,2790.318062
0,-0.595166667,1.807414068,3084.730024
1,-0.796166667,1.848789427,2891.269453
1,-0.559666667,1.781510305,3058.275122
1,-0.7035,1.661652117,2988.173999
1,-1.159833333,1.611873114,2741.862048
1,-1.302666667,1.52359279,2720.487179
1,-1.801166667,1.251382657,2269.100439
1,-0.970166667,1.497730305,2853.383884
1,-0.735,1.697696118,3010.155678
0,-0.787333333,1.637719279,2949.395359
0,-0.651166667,1.649600028,2978.616731
0,-0.3095,1.802925658,3196.961331
0,-0.205,1.753779671,3216.90173
0,-0.066666667,1.657872252,3210.354491
0,0.197166667,1.658049356,3280.810293
0,0.375666667,1.407783696,3255.788764
0,0.402166667,1.230688937,3268.300294
0,-0.140166667,1.13548129,3039.228773
0,-0.3105,1.13420086,3050.360175
0,-0.2645,1.160045266,3045.615442
0,-0.238666667,1.061072938,3009.349679
1,-0.126333333,1.044512587,3044.978066
1,0.368333333,1.015871963,3122.92576
1,0.629,1.082660507,3199.811162
1,-0.6855,0.601332408,2929.892141
1,-1.5455,0.543838445,2514.537515
1,-2.056166667,0.394156448,2173.809363
1,-2.203666667,0.288633909,2094.568101
1,-1.881166667,0.702477376,2308.355499
1,-1.747333333,0.891373677,2330.873169
1,-1.203833333,1.112710298,2614.84506
1,-0.7075,1.191534552,2855.732013
1,-0.835666667,1.043539342,2800.711323
1,-1.456666667,0.825268388,2551.537658
1,-2.472666667,0.546857507,2082.684645
1,-2.685666667,0.521613852,2008.590089
1,-2.480666667,0.720641219,2154.10058
1,-2.394166667,0.922186084,2183.119048
1,-2.317,1.024628602,2252.059591
1,-2.4125,1.037748328,2123.162117
1,-2.818,0.854937587,1855.929578
1,-2.287166667,1.087794768,2049.173266
1,-1.368166667,1.482531216,2395.952541
0,-0.311666667,1.715071436,2718.984055
0,-0.879333333,1.464448478,2517.940149
1,-1.329166667,1.43680123,2533.830767
0,-0.79,1.582016783,2601.71643
1,-0.772166667,1.463966279,2572.013805
1,-1.917,1.198502145,2230.081334
1,-2.137333333,1.340367458,2323.469098
1,-3.170333333,0.915731309,1779.390918
1,-3.607,0.689660283,1525.214188
1,-3.589333333,0.803435711,1524.482047
1,-2.789833333,1.118897581,2057.052423
0,-2.786333333,1.202821494,2074.065305
1,-3.316666667,1.12373114,1789.162743
1,-3.568833333,0.870898854,1610.111797
1,-2.912333333,0.90851412,1874.478947
1,-2.717833333,0.939742285,1973.833504
1,-2.190333333,0.9926622,2053.504935
1,-0.548333333,1.448088833,2548.563435
1,0.7945,1.637761263,3489.463809
1,-0.3875,1.330962873,3041.55814
1,-0.257666667,1.660171994,3253.091725
0,-0.2695,1.785588321,3361.129663
0,-0.092666667,1.57702609,3350.74247
0,0.0595,1.428736477,3366.162166
0,-0.6235,1.013535545,2783.685834
1,-0.168333333,1.270966903,3155.538048
0,0.594666667,1.420034393,3400.805794
0,0.601,1.68694536,3545.491717
1,-0.214833333,1.33735238,3125.312045
1,-0.527,1.367742057,3018.865756
0,-0.5435,1.753879638,3057.691903
0,-0.378333333,1.799282643,3172.739626
0,-0.6285,1.867164519,3042.702905
0,-0.668,1.879912834,3107.081386
0,-0.778,1.74045745,2990.389256
1,-0.759833333,1.737420593,3000.100967
1,-0.924666667,1.636110531,2912.442861
1,-1.068,1.542332232,2837.458101
0,-1.1645,1.479279935,2730.0741
1,-0.711333333,1.739927782,3016.377564
0,-0.6465,1.764728797,3077.449485
0,-1.171833333,1.601257129,2897.296584
0,-1.0195,1.561674467,2871.245861
0,-0.797833333,1.544764251,2905.091983
0,-0.686333333,1.432444982,2911.785513
0,-0.433166667,1.465364782,3063.34878
0,-0.247833333,1.327397888,3024.066038
0,-0.005833333,1.378678992,3178.673232
0,-0.1275,1.145552972,3130.23763
0,-0.360166667,0.95951917,2908.493677
0,-0.2245,0.973778138,2983.259436
1,0.134,1.051201597,3148.175065
1,-0.1625,0.963407573,3028.869898
1,-0.823666667,0.703066117,2705.017538
1,-0.7655,0.655924591,2667.464773
1,-0.4455,0.76260948,2819.643717
1,-0.333,0.808291733,2964.904327
1,-0.863,0.736310768,2820.362302
1,-1.3585,0.663578808,2702.434783
1,-2.452666667,0.324767448,1977.329433
1,-2.0125,0.508833355,2228.461798
1,-1.461,1.078839142,2544.942348
1,-1.557833333,1.282319683,2437.225831
1,-1.282,1.193477986,2617.620062
1,-1.260666667,1.032039342,2551.023099
1,-1.253666667,0.958776565,2640.068368
1,-1.6535,0.697520174,2442.21012
1,-2.293333333,0.593389714,2194.302248
1,-2.5155,0.598051526,2191.225111
1,-2.6145,0.71756292,2078.192576
1,-2.319333333,1.252114218,2243.488357
1,-2.148833333,1.213431098,2245.117401
1,-1.993833333,1.315296009,2253.159109
1,-2.170333333,1.229954775,2226.279481
1,-2.245333333,1.248494116,2110.436825
1,-1.910666667,1.293815565,2104.60757
1,-0.766333333,1.647893753,2601.336203
0,0.105666667,1.716405384,2733.458806
1,-0.271,1.451170134,2572.932195
1,-0.412333333,1.484829251,2614.473518
1,-0.927166667,1.510173136,2490.375264
1,-1.783833333,1.203832646,2240.425705
1,-1.738166667,1.316719747,2402.989241
1,-2.095166667,1.172090023,2235.126551
1,-2.702166667,0.863838053,1904.332051
1,-3.2795,0.901707837,1574.10165
1,-2.6195,1.105897868,2026.882768
1,-2.575166667,1.356114826,2062.65655
1,-2.6625,1.095665214,2007.942412
1,-2.715166667,1.061578473,1916.148156
1,-2.0145,1.106277537,2252.668257
1,-2.050333333,1.184978985,2269.604241
1,-2.054833333,1.149577242,2140.294688
1,-0.7085,1.339760419,2364.165182
1,0.068333333,1.520182627,3177.114151
1,-0.500666667,1.432162942,3082.551653
1,-0.504833333,1.650034511,3161.170478
0,-0.4585,1.67137154,3214.245664
1,-0.399833333,1.510934829,3215.817442
0,-0.529166667,1.099228126,2939.240966
0,-0.240333333,1.188857909,3174.440106
0,0.0325,1.476505615,3342.8676
1,0.136833333,1.595925894,3449.970229
0,0.028666667,1.606844838,3315.91152
0,0.088333333,1.654241289,3447.084971
1,-0.1835,1.51749325,3268.478497
1,-0.697666667,1.468237658,2852.586964
0,-0.506,1.812447222,3076.0698
0,-0.744166667,1.783002081,2958.164365
1,-0.848666667,1.814864127,3037.594446
1,-1.086333333,1.614997684,2822.318018
1,-0.892333333,1.748747046,2996.596185
1,-1.386,1.44859486,2671.141816
1,-1.379666667,1.335368372,2676.662056
1,-1.241833333,1.498924432,2773.563473
1,-1.046,1.582629633,2812.463045
0,-0.877833333,1.701480181,2996.547372
0,-1.084333333,1.631587661,2930.07428
1,-0.966666667,1.525604056,2895.774366
1,-0.720166667,1.470045288,2967.352678
0,-0.485666667,1.512168461,3043.288097
0,-0.244166667,1.361073512,3122.517808
0,-0.034833333,1.369566864,3208.753669
0,-0.127,1.302448854,3149.805275
0,-0.055166667,1.208284127,3185.924518
1,-0.287833333,0.909251505,2999.519114
1,-0.7745,0.690989316,2595.695909
1,-0.477166667,0.778954023,2794.745579
1,-0.574333333,0.760968293,2874.530626
1,-1.5645,0.436905798,2331.204013
1,-1.961666667,0.296899445,2048.598512
1,-1.196,0.503980429,2548.473092
1,-0.926,0.825566164,2827.029434
1,-1.087666667,0.601265901,2754.968775
1,-1.495,0.579001992,2533.147045
1,-2.0525,0.575577336,2236.367466
1,-1.771666667,0.861181647,2391.353329
1,-1.5785,1.29705329,2596.985354
1,-2.0755,1.240182768,2329.960984
1,-2.701833333,0.751284187,1963.08481
1,-2.753833333,0.545489509,1843.709211
1,-2.017333333,0.805164982,2328.553658
1,-2.466166667,0.564279687,2066.962712
1,-2.915666667,0.49362861,1962.562225
1,-3.241333333,0.538870939,1827.984853
1,-2.836666667,0.700350938,1976.589986
1,-2.355333333,1.1421499,2189.77827
1,-1.853833333,1.508557316,2462.291595
1,-1.866,1.495855308,2433.499778
1,-1.977,1.381768855,2302.988491
1,-2.352166667,1.104100191,2018.027122
1,-1.982833333,1.053884392,2005.365326
1,-0.664666667,1.441849763,2489.008107
1,-0.557,1.509597085,2522.281429
1,-1.263833333,1.460427144,2388.702963
1,-1.567333333,1.416169676,2398.225878
1,-2.126666667,1.097262607,2079.663819
1,-2.671666667,0.835089212,1771.756027
1,-2.040666667,1.345889473,2279.555393
1,0.596166667,1.756058619,3312.821816
1,-2.274333333,1.352205799,2089.489439
1,-2.283,1.325515537,2135.192728
1,-2.388,1.302518144,2062.961737
1,-2.358333333,1.068370318,1998.925682
1,-1.7865,1.161198004,2330.542165
1,-1.554833333,1.048192022,2195.683116
1,0.045666667,1.303563311,2613.96598
1,-0.452666667,1.412151425,3057.306624
0,-0.504333333,1.505294573,3092.416874
0,-0.371833333,1.657333407,3222.295664
0,-0.300666667,1.573177214,3281.112592
1,-0.457666667,1.345382596,3143.225742
1,-0.385833333,1.244907282,3139.202172
1,-0.312166667,1.328396196,3129.72745
1,-0.087166667,1.516187546,3262.306494
1,-0.374666667,1.545011074,3156.046296
0,-0.5585,1.520038242,3166.435649
1,-0.163,1.621591478,3317.017143
0,0.0215,1.773159463,3417.826712
0,-0.119166667,1.772812117,3350.389448
1,-0.311666667,1.837332768,3252.223372
0,-0.463166667,1.866816469,3154.782899
1,-0.330166667,1.800253669,3169.15152
1,-0.422833333,1.799041318,3244.600727
1,-0.780833333,1.70105546,3044.452063
1,-1.056333333,1.592896777,2850.492841
1,-0.966333333,1.645228064,2943.702036
1,-0.859166667,1.725717448,3054.262718
1,-0.999333333,1.585741035,2891.994237
0,-1.055666667,1.541759485,2867.851522
0,-1.146833333,1.598433484,2855.525853
1,-1.100833333,1.435453785,2796.32454
0,-0.902166667,1.449902593,2840.321678
0,-0.488833333,1.492272417,3042.272086
0,-0.2845,1.46359303,3127.591874
0,-0.358,1.350683818,3128.331189
0,-0.2155,1.28609276,3140.964593
0,0.134833333,1.240796855,3249.291403
0,-0.195833333,0.886938934,3009.625734
1,-0.768833333,0.59156285,2681.589568
1,-0.84,0.608083981,2593.147714
1,-0.667,0.758332097,2803.284546
1,-1.171333333,0.593348292,2526.192409
1,-1.279666667,0.591236774,2483.508188
1,-1.489333333,0.533742122,2452.372333
1,-2.228,0.528561343,2050.31629
1,-2.322833333,0.319706711,2044.958093
1,-2.540166667,0.401077153,1926.510932
1,-2.003,0.551139173,2246.174315
1,-2.039833333,1.087018052,2418.193645
1,-3.341,1.036100276,1767.369346
1,-4.004166667,0.351172123,1437.29299
1,-2.831833333,0.626912821,2012.317694
1,-2.731666667,0.781523988,1918.092661
1,-1.955,0.944670714,2394.856646
1,-2.338833333,0.745150636,2124.258008
1,-2.5,0.822441481,2178.330012
1,-3.223,0.780200464,1784.320819
1,-2.783833333,0.703533112,1934.128497
1,-2.0725,1.289667731,2235.76779
1,-1.635333333,1.541591641,2440.762993
1,-1.463333333,1.667485222,2604.175499
1,-1.6285,1.441007389,2319.092602
1,-1.849833333,1.234989235,2147.069757
1,-1.648166667,1.208153118,2064.698501
1,-0.937166667,1.493450413,2336.755601
1,-1.5185,1.340748024,2336.259548
1,-2.1785,0.933450866,2014.230276
1,-1.934833333,1.257976437,2222.423884
0,0.4925,1.786557139,3372.299166
1,-2.238666667,1.260946303,1975.248047
1,-1.892166667,1.40408256,2280.138286
1,-2.047666667,1.310585848,2211.054864
1,-1.8935,1.249063393,2239.952621
1,-1.607833333,1.223743902,2321.113131
1,-1.141333333,1.285091948,2330.878264
1,-0.346833333,1.585558217,3191.438631
0,-0.590333333,1.524450037,3046.26797
1,-0.193166667,1.799223671,3358.803142
0,-0.467666667,1.62750309,3169.871486
0,-0.549666667,1.382759912,3113.027395
0,-0.636333333,1.421368254,3016.978077
1,-0.352333333,1.714147621,3278.453533
1,-0.506333333,1.537843251,3114.594404
1,-0.878,1.436447383,2975.913034
0,-0.9565,1.464530012,3001.171182
1,-0.958333333,1.328934457,2896.086825
1,-0.6245,1.609645457,3000.706867
1,-0.031666667,1.85999569,3403.926243
0,-0.034833333,1.999608004,3403.243144
0,-0.059,1.989472354,3396.876584
0,0.176,1.970999105,3478.811952
1,-0.142666667,2.032376445,3389.160961
1,-0.495833333,1.923717126,3225.104711
1,-0.614166667,1.832586152,3180.78003
0,-0.773,1.62749518,3040.599228
0,-0.9265,1.698905441,2975.595528
1,-1.123166667,1.610792924,2875.220992
0,-1.1995,1.539309293,2827.085254
0,-1.2835,1.503281155,2739.34076
1,-1.1195,1.429031441,2802.469191
0,-0.9235,1.298320914,2794.746685
1,-0.775,1.254683178,2838.039024
1,-0.534666667,1.314651089,2968.219091
1,-0.421666667,1.2449412,3021.474006
0,-0.006833333,1.26323732,3152.532093
0,0.6545,1.264177859,3405.299891
0,0.094333333,1.005881455,3116.936571
1,-1.157333333,0.694362753,2469.530585
1,-1.1945,0.59471149,2460.772106
1,-0.938,0.750294247,2645.873053
1,-1.202666667,0.55664999,2444.678653
1,-1.1765,0.859528132,2660.645095
1,-1.672666667,0.779958844,2399.787504
1,-2.493166667,0.488588089,1968.761941
1,-2.500333333,0.411205152,2012.383623
1,-2.8075,0.388792859,1891.431763
1,-3.088333333,0.598774638,1754.101688
1,-2.776666667,1.022585333,2075.113071
1,-3.493166667,0.47928384,1706.355856
1,-3.464666667,0.60165676,1761.432925
1,-3.351666667,0.591784216,1709.573975
1,-2.234333333,1.007961157,2244.663499
1,-1.909666667,1.22358616,2422.438835
1,-1.962333333,1.024999968,2332.403484
1,-2.324833333,1.074421369,2118.735726
1,-2.446,1.021631428,2087.57035
1,-2.718833333,0.970846387,1933.42652
1,-2.588166667,0.963915451,1874.308842
1,-1.572166667,1.355596068,2404.475492
1,-1.3875,1.531411588,2518.261177
1,-1.100166667,1.669138514,2618.906644
1,-1.185666667,1.560958362,2525.059263
0,-1.059166667,1.386291585,2178.077857
1,-0.779666667,1.374799399,2299.628134
1,-1.567333333,1.181271503,2116.827333
1,-1.746166667,1.099733431,2128.44314
0,0.422333333,1.732562785,3310.571617
1,-1.457333333,1.288740696,2276.951601
1,-1.554166667,1.34393456,2344.625013
1,-1.993833333,1.311448937,2173.617698
1,-1.876666667,1.234807188,2216.821843
0,-1.7675,1.19378826,2210.333153
0,-1.529166667,1.167870603,2125.886884
1,-0.1585,1.225444344,2359.647435
1,-0.325166667,1.70210188,3260.886978
0,-0.463,1.732642225,3256.133459
0,-0.679666667,1.549197697,3051.27976
0,-0.631833333,1.448503045,3098.197599
1,-0.7625,1.39241657,3032.873951
1,-0.754333333,1.548766162,3027.893299
0,-0.6495,1.723760454,3133.926068
0,-0.799833333,1.812679237,3150.542293
1,-0.922,1.691469218,3044.923585
0,-0.739333333,1.641361545,3120.50519
0,-0.9445,1.547760545,2983.36636
1,-0.979166667,1.403635057,2884.379173
1,-0.492833333,1.547181389,3031.838583
1,0.042666667,1.98569219,3437.961201
1,-0.188333333,1.959564032,3364.198618
0,-0.250666667,1.9923993,3343.251249
0,-0.532,1.906585809,3200.012978
0,-0.690833333,1.861468151,3168.145206
1,-0.858666667,1.623115764,3000.858521
1,-0.7105,1.638643877,3010.39749
0,-0.658333333,1.612968079,2949.990959
0,-0.8655,1.642570312,2934.765557
0,-1.019833333,1.624517902,2905.650847
0,-1.1575,1.528488994,2839.213799
1,-1.367166667,1.343343608,2659.594802
1,-1.2375,1.161002888,2661.360633
1,-1.155833333,1.032073592,2663.167917
1,-1.061833333,0.972806002,2610.551738
1,-0.591833333,1.036312695,2862.888141
1,-0.152833333,1.140333732,3097.089757
1,0.129,1.082555704,3145.916528
1,-0.349333333,0.881303007,2879.601331
0,-1.127,0.698481463,2605.421381
1,-1.869833333,0.540036106,2205.39202
1,-1.711166667,0.60861658,2212.646128
1,-1.377333333,0.889469182,2419.591115
1,-1.272,0.993014607,2642.142938
1,-2.375166667,0.588093467,2018.891571
1,-2.0325,0.508420493,2262.68161
1,-2.457333333,0.672154481,2055.043024
1,-2.419666667,0.881767185,2150.778634
1,-3.282,0.771835213,1690.994336
1,-2.778666667,0.879738863,1991.345649
1,-2.807333333,0.933362687,2032.901106
1,-3.312,0.933302991,1749.901679
1,-2.733333333,0.928264336,1982.737339
1,-1.944,1.184910179,2357.69119
1,-1.699333333,1.468649628,2497.865323
1,-1.7655,1.370411081,2436.880517
0,-2.302666667,1.137162964,2063.65842
1,-2.183,1.195106012,2151.732629
1,-2.453666667,1.206848552,2092.12773
1,-2.931,0.819089554,1754.67858
1,-2.497166667,0.825199379,1867.845666
1,-1.3265,1.562960704,2554.060276
1,-1.111166667,1.627795019,2546.538651
1,-0.7565,1.490111943,2466.011068
0,0.39,1.73624922,3329.661893
1,-0.5365,1.265028014,2439.26278
1,-0.808666667,1.336814691,2363.63675
0,-1.4415,1.241223832,2272.340311
0,-1.633,1.376700132,2302.268266
1,-1.5965,1.212389537,2226.689217
0,-1.264666667,1.225153479,2219.559978
0,0.046166667,1.303144504,2477.642531
0,-0.103666667,1.800955991,3335.372965
0,-0.5455,1.729649337,3243.038763
0,-0.712333333,1.665973055,3129.749259
1,-0.914166667,1.492713756,2915.183474
1,-0.547333333,1.703835869,3210.746862
0,-0.7595,1.746824229,3064.852036
0,-0.918833333,1.719818721,2979.718624
1,-0.9995,1.636254789,2927.15731
0,-0.634166667,1.734126289,3131.469924
0,-0.6145,1.726966347,3145.832078
1,-0.730666667,1.65172514,3106.597296
1,-0.909333333,1.545185249,3000.41818
1,-1.057666667,1.427526806,2846.539723
1,-0.727,1.570006131,2982.899417
1,-0.497666667,1.826802642,3245.912155
1,-0.535666667,1.851875496,3219.24719
0,-0.858,1.820575372,3063.871791
0,-0.935333333,1.706530529,3025.787353
1,-0.916833333,1.428215091,2918.729173
0,-0.401666667,1.503422221,3043.634894
0,-0.334333333,1.721816158,3181.586491
0,-0.894166667,1.708972367,2962.077729
0,-1.2465,1.526167931,2757.001591
0,-1.208333333,1.52529954,2826.405901
0,-1.397,1.307872107,2700.795527
1,-1.476333333,1.11370192,2650.236216
1,-2.048333333,0.880692113,2253.822277
1,-2.065333333,0.726245321,2097.466509
1,-1.748,0.615447628,2170.919586
1,-1.111333333,0.821405445,2634.550513
1,-1.334,0.773959403,2496.776076
1,-1.9,0.52259823,2159.615805
1,-1.615333333,0.633413039,2369.086118
1,-1.764166667,0.80171968,2317.087469
1,-1.685666667,0.814826999,2297.307463
1,-1.417,0.956031367,2397.070511
1,-1.424666667,0.83255002,2432.796569
1,-1.985666667,0.771053379,2289.219386
1,-2.879833333,0.692459318,1756.028127
1,-2.158666667,0.969388089,2242.200473
1,-2.518833333,1.137359356,2043.628516
1,-2.713333333,1.024004596,1911.251991
1,-2.132,1.264515219,2341.788531
1,-2.573,1.226133094,2035.139848
1,-2.532,1.08044053,2089.067827
1,-2.6945,0.987679515,1894.542382
1,-1.876166667,1.376860955,2322.844409
1,-1.574666667,1.618560643,2535.083372
1,-1.829833333,1.408759483,2297.363227
1,-1.792166667,1.200749462,2315.302085
1,-2.110333333,1.068891729,2043.821808
1,-1.542666667,1.42137712,2455.847134
1,-1.568833333,1.317029326,2415.471864
1,-1.5175,1.508342135,2415.924874
1,-1.3105,1.66205329,2412.257545
1,-0.403666667,1.623586477,2635.908035
1,-1.058833333,1.325180461,2261.061599
0,-1.197333333,1.244702086,2266.338353
0,-0.691666667,1.276280939,2284.206715
0,0.426166667,1.8851665,3474.686416
0,-0.7915,1.767040732,3189.385457
0,-0.611833333,1.730824418,3196.765788
0,-0.508166667,1.7107745,3207.886045
1,-0.410833333,1.822051653,3278.879925
0,-0.563,1.854171714,3179.745142
0,-0.699,1.754641103,3134.460707
0,-1.008833333,1.588625079,2938.681674
0,-1.142166667,1.545805949,2791.214629
0,-0.611833333,1.791388623,3166.944441
0,-0.622333333,1.844890125,3178.957668
1,-0.903166667,1.717138456,3016.129102
1,-1.093166667,1.559253043,2928.621752
1,-1.205333333,1.499009058,2872.959956
1,-1.314666667,1.495482854,2707.401937
0,-0.812833333,1.779694686,3154.035827
0,-1.0135,1.809349014,3063.168485
1,-1.059333333,1.691141218,2979.074289
0,-1.026666667,1.542942757,2893.693618
0,-0.614,1.655381749,3076.187763
0,-0.711666667,1.683114355,3026.785733
0,-0.8675,1.753528651,3018.850477
0,-0.9585,1.7368298,2999.396817
0,-1.199166667,1.58622633,2786.161952
0,-1.168166667,1.480305261,2854.103814
1,-1.520333333,1.204605776,2597.809989
1,-1.737,1.026151284,2419.455628
1,-1.700666667,0.937866928,2360.2776
1,-1.7215,0.831190258,2310.717095
1,-2.394833333,0.718867609,1996.159926
1,-2.424166667,0.473347393,1961.960857
1,-1.699,0.643125116,2316.400715
1,-0.771666667,1.010308754,2850.449179
0,-0.598833333,1.296338833,2875.654218
0,-0.6585,1.240830667,2849.167863
1,-0.782166667,1.25247969,2634.184906
1,-1.539166667,1.013224557,2278.330282
1,-2.006833333,0.836650658,2175.06779
1,-2.1445,0.95411456,2141.088515
1,-1.752166667,1.253935356,2408.598759
1,-1.874166667,1.490084005,2344.958795
1,-1.8515,1.31331738,2338.175431
1,-1.641333333,1.563310668,2546.530054
1,-1.789666667,1.424820296,2386.802476
1,-1.76,1.434752077,2426.015556
1,-1.713166667,1.350656642,2386.097712
1,-1.425,1.501492077,2498.640472
1,-1.203333333,1.591758764,2596.316658
0,-1.2485,1.471749968,2531.04702
1,-1.204833333,1.399445448,2462.763225
1,-1.259,1.344493568,2441.747758
1,-1.668333333,1.283000163,2215.003028
1,-1.419,1.580828566,2501.83099
1,-1.5425,1.398851205,2258.897329
1,-0.501833333,1.667572665,2636.880889
0,0.154,1.885417777,3406.655083
0,-0.596666667,1.664895653,3172.014634
0,-0.581666667,1.617045954,3177.097934
0,-0.500333333,1.73482786,3276.576329
0,-0.784166667,1.77351634,3125.882254
0,-0.7035,1.816622883,3145.776413
0,-0.9035,1.669781183,2990.279442
0,-1.119333333,1.549709315,2897.457172
0,-1.257666667,1.56293813,2750.033384
0,-0.781833333,1.772168032,3062.711912
1,-0.695166667,1.886159321,3162.111823
1,-0.825,1.842305506,3098.521482
1,-1.006333333,1.715264118,2961.562408
0,-0.8755,1.76038085,3068.589117
0,-0.891833333,1.800365825,3034.380105
0,-0.8365,1.765991564,3081.220507
0,-0.954333333,1.843316104,3080.575753
0,-1.136333333,1.690890004,2926.338721
0,-1.169666667,1.616183565,2904.920468
1,-1.141,1.678821445,2945.641804
0,-1.018833333,1.776863722,2977.349565
0,-0.949,1.86319393,2999.790643
0,-0.905,1.805516811,2971.124578
0,-0.827833333,1.716299565,3013.470761
0,-1.038,1.630328703,2920.310053
1,-1.449166667,1.354391981,2689.923354
1,-1.599833333,1.142460205,2464.227062
1,-1.209166667,1.158231921,2683.641499
1,-1.511,1.201566111,2456.634379
1,-1.4305,1.066364507,2500.481327
1,-1.828666667,0.904089824,2236.626553
1,-1.376166667,1.224051949,2477.221634
0,-0.745333333,1.518644075,2753.523853
0,-0.49,1.691538213,2916.10475
0,-0.229166667,1.603495188,2978.451927
1,-0.741666667,1.462216574,2730.799313
1,-1.366,1.223491128,2455.258419
1,-1.523166667,1.202932956,2428.27633
1,-1.412,1.294602302,2518.434533
1,-1.123833333,1.624139415,2748.431609
1,-1.047,1.708804533,2790.078087
1,-1.204166667,1.647598637,2687.159488
1,-1.236166667,1.699625867,2693.950576
1,-1.475166667,1.585535238,2483.588858
1,-1.250666667,1.669517385,2631.350192
0,-1.202,1.526868358,2596.711077
1,-1.122333333,1.485269228,2524.368611
0,-0.581333333,1.670788843,2810.13148
0,-0.771666667,1.584046554,2642.676685
1,-0.484833333,1.519873542,2661.812434
0,-0.313166667,1.516237598,2671.895511
1,-0.396833333,1.574857855,2636.816188
1,-0.4,1.497372707,2606.491157
0,0.4585,1.832582712,3408.010069
0,0.135333333,1.734800465,3398.365926
0,0.135166667,1.754300418,3499.284106
0,-0.296,1.775517128,3320.904907
0,-0.519,1.77407607,3209.85535
0,-0.655333333,1.79458518,3186.150067
0,-0.9815,1.505736098,2940.91678
0,-0.991333333,1.593879541,3009.676604
0,-1.179333333,1.61980712,2885.48292
1,-0.929833333,1.694999275,3000.614646
0,-0.752666667,1.910794909,3150.582704
0,-0.723666667,1.935792476,3201.273742
0,-1.0295,1.768865999,2974.060001
1,-1.190833333,1.705863971,2888.217491
1,-1.264,1.668480273,2832.836103
0,-1.056,1.785930327,2975.409091
0,-0.9155,1.793437339,3036.749823
0,-0.917666667,1.734673004,3053.323415
0,-0.771666667,1.741988307,3094.495067
0,-0.916,1.697072996,2974.780189
0,-1.063333333,1.695343094,2947.498123
0,-1.1305,1.762886509,2914.233677
0,-1.076666667,1.703877253,2869.496428
0,-0.8555,1.695960064,2946.442771
0,-0.778166667,1.682791686,3039.047429
0,-1.1845,1.49967341,2832.216592
1,-1.326333333,1.369727824,2664.934273
1,-1.477166667,1.308061143,2450.072542
1,-1.071833333,1.367713627,2655.937239
1,-0.300833333,1.449975047,2945.017754
0,-0.334166667,1.593248991,2953.497957
0,-0.544666667,1.747943517,2913.518511
0,-0.4375,1.875408502,2993.131901
0,-0.327833333,1.844793344,3030.586605
0,-0.344833333,1.694487458,2983.77948
1,-0.767666667,1.50642826,2795.90344
1,-1.043166667,1.54053542,2670.508205
0,-0.8595,1.662416859,2822.478835
1,-0.820333333,1.780090184,2875.833685
0,-0.771833333,1.79401448,2924.305432
1,-0.802,1.803956148,2886.915261
0,-1.0245,1.774045408,2778.698045
0,-1.1715,1.79102655,2711.143443
0,-1.357833333,1.675407282,2583.11685
0,-1.292333333,1.646904216,2575.40114
0,-0.982666667,1.659052419,2721.654684
0,-0.415333333,1.72244694,2832.0297
0,-0.015166667,1.685980184,2849.16993
0,0.727833333,1.840434094,3499.678537
0,1.023,1.852212225,3664.860397
0,0.556166667,1.925119716,3597.046832
0,-0.1475,1.795321013,3369.789068
0,-0.428666667,1.735602184,3220.247164
0,-0.621833333,1.769422361,3191.404291
0,-1.029333333,1.547137845,2902.6535
0,-0.824333333,1.669554691,3116.635895
0,-1.032666667,1.729666884,2988.438871
1,-0.989666667,1.702370758,2948.35069
0,-0.630666667,1.991155415,3250.185136
0,-0.4305,1.968539532,3287.342661
0,-0.648666667,1.866370386,3155.456035
1,-1.065,1.714365054,2953.958399
1,-1.0795,1.746439907,2998.985962
0,-1.110166667,1.710273147,2960.683242
0,-1.156,1.687230956,2924.099124
0,-1.005333333,1.730912094,3038.399488
0,-0.926333333,1.750719381,3041.312241
0,-0.961333333,1.754636278,3001.652335
0,-1.134833333,1.741400751,2922.443839
0,-1.358833333,1.672402425,2799.776254
0,-1.185833333,1.627990309,2843.57094
0,-0.858166667,1.738339473,2998.270532
0,-0.632166667,1.815074828,3077.23506
0,-0.9185,1.622633652,2935.206975
0,-0.874166667,1.633996665,2893.415858
0,-0.961333333,1.596189329,2789.92738
0,-0.5955,1.816107091,2987.525536
0,0.017333333,1.908642539,3198.746374
0,-0.119166667,1.937225007,3122.069166
0,-0.285666667,2.011320714,3090.97546
0,-0.380833333,1.927107768,2983.66045
1,-0.365166667,1.938782338,3032.492954
1,-0.704166667,1.756820827,2854.011195
1,-0.797333333,1.680003992,2881.697
0,-0.814166667,1.742467061,2861.973341
0,-0.808333333,1.729309217,2866.087946
0,-0.783666667,1.776751447,2905.077726
0,-0.858666667,1.739008653,2859.002574
1,-1.106333333,1.613986201,2656.012765
1,-1.082666667,1.650653647,2735.113256
0,-0.906666667,1.791322422,2823.123451
0,-0.981333333,1.771579439,2731.381118
0,-0.777,1.553825919,2638.759847
0,1.181166667,1.826020983,3514.949537
0,1.0385,1.978236151,3639.706487
0,0.1855,1.752204842,3476.178761
0,-0.596,1.643336565,3136.335601
0,-0.6415,1.723469881,3185.969843
0,-0.837166667,1.689660436,3044.382444
0,-0.794,1.634228865,3075.77377
0,-0.739666667,1.785358698,3163.853482
0,-0.911166667,1.792114977,3064.015782
0,-0.809666667,1.848607221,3123.853192
0,-0.5515,2.090677321,3290.197437
0,-0.059166667,1.907524659,3395.138519
0,-0.3655,1.95856912,3286.825673
0,-1.056833333,1.77821446,2996.373019
0,-1.183833333,1.77869932,2953.237716
0,-1.253833333,1.697823971,2917.264892
0,-1.3725,1.584991083,2830.000999
0,-1.083,1.688934425,3008.813818
0,-1.0025,1.720286068,3047.924603
0,-1.157166667,1.702074447,2926.602513
0,-0.971166667,1.808804775,3023.294224
0,-1.000166667,1.73050346,2959.907538
0,-1.105666667,1.599339906,2894.631735
0,-0.725333333,1.876001191,3081.941248
0,-0.373,1.896125599,3198.352727
0,-0.652833333,1.729240695,3057.721546
0,-0.831,1.635525362,2836.639347
0,-0.6645,1.764907141,2899.309327
0,-1.0395,1.774595244,2790.214132
0,-0.910333333,1.755132854,2833.815055
0,-0.799333333,1.740574271,2858.755917
0,-0.532833333,1.923433242,3011.225932
0,-0.462,1.915293708,3012.061048
0,-0.428,1.89418585,3035.001269
0,-0.689833333,1.854841234,2928.451871
0,-0.816666667,1.832954088,2902.046579
0,-0.726666667,1.809326092,2935.720709
0,-0.8075,1.830545368,2900.797386
0,-1.033666667,1.698307081,2792.536347
1,-1.866333333,1.203405544,2264.380841
1,-1.733,1.0835074,2319.041155
1,-1.528166667,1.379697177,2416.945999
1,-0.651666667,1.714527946,2825.961332
0,0.173666667,1.891734568,3064.014727
0,1.013333333,1.7104962,3493.119001
0,1.003833333,1.988841863,3591.516951
0,-0.197166667,1.737535764,3340.209317
0,-0.615333333,1.533775218,3201.50215
0,-0.933333333,1.581443114,2996.922789
0,-0.875833333,1.615663219,2983.271175
0,-0.6225,1.774136752,3198.995542
0,-0.677333333,1.820074874,3159.726039
0,-0.571,1.920082981,3247.116797
0,-0.941333333,1.867101838,3053.475992
0,-0.721666667,1.988608703,3186.153449
0,-0.654166667,1.858645396,3194.07154
0,-1.186166667,1.814055448,3015.003438
0,-1.457833333,1.811597337,2925.52983
0,-1.4125,1.702593536,2860.016321
0,-1.360333333,1.66823749,2868.501764
0,-1.381333333,1.70632655,2853.768432
0,-1.296333333,1.674458539,2913.785248
0,-1.414833333,1.606266946,2814.042682
0,-1.359166667,1.601843114,2853.10142
0,-1.116166667,1.754585317,2929.329452
0,-0.875,1.833308336,3029.531955
0,-1.1025,1.819877733,2962.85137
0,-1.050833333,1.838437518,2896.625965
0,-0.4795,1.952247743,3148.187521
0,-0.516666667,1.85852743,3102.590353
0,-0.7755,1.766616979,2942.390769
0,-0.949,1.787739319,2867.075659
0,-1.063333333,1.844954498,2837.902142
0,-0.916666667,1.932457059,2953.356387
0,-0.809833333,1.955310378,2997.980979
0,-0.564666667,1.992390213,3073.236176
0,-0.500833333,1.89815662,3046.707149
0,-0.578333333,1.850949815,2973.809161
0,-0.6965,1.874037,2921.320015
0,-0.640666667,1.844587294,2953.374149
0,-0.6085,1.809136526,2956.031422
0,-0.859166667,1.762393134,2844.749392
0,-1.041833333,1.589597122,2726.817988
1,-1.326833333,1.446608871,2668.4051
1,-1.864166667,1.154777828,2318.102853
1,-2.093,1.050430239,2123.619326
1,-1.056166667,1.37511537,2468.396288
0,0.714166667,2.025858101,3552.662477
0,-0.533833333,1.595302074,3158.361874
0,-0.813833333,1.429722548,3010.09382
0,-0.826166667,1.529749893,3059.882628
0,-0.7045,1.625430414,3077.822894
0,-0.564166667,1.898973347,3237.833995
0,-0.5585,1.847528048,3237.781775
0,-0.3605,1.933487904,3269.986378
0,-0.967166667,1.626341158,3030.328288
0,-1.156333333,1.525415074,2860.370693
0,-0.843833333,1.814438471,3141.725564
0,-1.375333333,1.782408193,2939.840538
0,-1.586666667,1.767043984,2852.403213
0,-1.2485,1.793310032,2968.97572
0,-1.186166667,1.735230155,2954.283356
0,-1.103,1.857127073,2991.907327
0,-1.0955,1.786589096,2990.807459
0,-1.3545,1.649817163,2853.691003
0,-1.365833333,1.680716191,2884.313647
0,-1.496,1.723142292,2827.337821
0,-1.628333333,1.591471575,2674.014453
0,-1.390166667,1.742905346,2840.146524
0,-1.184,1.747202475,2865.268838
0,-0.785833333,1.964677001,3066.675299
0,-0.786333333,1.940153432,3010.201253
0,-0.775333333,1.919546027,3016.071182
0,-0.997333333,1.862092116,2861.999718
0,-1.030666667,1.927267043,2874.630701
0,-1.019166667,1.906465681,2938.2912
0,-0.928666667,1.87489854,2969.396376
0,-0.707833333,1.950893794,3018.06266
0,-0.570166667,1.933453776,3009.920952
0,-0.525666667,1.865863909,2993.315896
0,-0.6465,1.839140097,2938.473183
0,-0.7225,1.824496563,2923.034406
0,-0.729833333,1.789460169,2897.539638
1,-0.827,1.704992943,2810.640672
0,-0.995666667,1.658290131,2763.20035
1,-1.365833333,1.651892768,2652.928139
1,-1.839,1.256892702,2301.404503
0,-1.7665,1.188000499,2309.848976
1,-0.7625,1.466095396,2499.73503
0,0.323666667,1.967313885,3464.34778
0,-0.7715,1.463014858,2967.500705
0,-0.539666667,1.608359585,3278.601783
0,-0.669833333,1.587231874,3176.893814
0,-0.67,1.754158494,3151.364758
0,-0.628166667,1.885615736,3200.182544
0,-0.717,1.841806184,3166.940422
0,-0.613,1.873434589,3242.857082
0,-1.128666667,1.715652999,3019.532948
0,-1.056,1.512106116,2969.221727
0,-0.874833333,1.61042515,3035.435725
0,-0.831833333,1.868984687,3132.934234
0,-1.124,1.697381496,2965.002725
0,-0.972666667,1.76816965,3017.119502
0,-0.991,1.881457162,3032.566668
0,-1.114333333,1.829531044,2953.956105
0,-1.005,1.855203472,3036.065021
0,-1.296833333,1.748569373,2888.741933
0,-1.444666667,1.738607887,2847.092902
0,-1.5675,1.761861087,2807.805088
0,-1.594166667,1.618614923,2699.748075
0,-1.388166667,1.716666944,2811.380937
0,-1.335833333,1.691067842,2784.696891
0,-0.947166667,1.846619057,2971.232046
0,-0.773,2.000867411,3042.971983
0,-0.722833333,2.004164019,3044.393297
0,-0.768,1.974578829,3031.521468
0,-0.878833333,1.959190244,2986.20493
0,-0.915333333,1.950260986,2965.414286
0,-0.852666667,1.949569351,2966.622691
0,-0.6695,1.9083943,3010.945166
0,-0.493,1.910636117,3018.85832
0,-0.421833333,1.846252283,3016.620146
0,-0.5965,1.881174197,2955.047808
0,-0.8425,1.776014255,2887.772575
0,-1.336166667,1.525962469,2469.330107
0,-1.039833333,1.496088249,2583.133656
1,-0.8685,1.793737572,2848.426458
1,-1.384333333,1.66018474,2613.428607
1,-1.745666667,1.25925535,2288.987745
1,-1.208666667,1.422136328,2481.711781
0,0.318666667,1.847470795,3468.05172
0,-0.596333333,1.512035051,3157.006929
0,-0.645833333,1.650239617,3227.838508
0,-0.7425,1.54302142,3118.364319
0,-0.5955,1.78464322,3197.251822
0,-0.511833333,1.855728951,3234.922127
0,-0.535833333,1.773265334,3226.977136
0,-0.446333333,1.924228534,3298.437609
0,-0.645166667,1.888721305,3211.545537
0,-0.983166667,1.587873006,2990.874975
0,-1.117333333,1.505280124,2902.287418
0,-0.918333333,1.739596601,3053.165363
0,-0.8705,1.848247262,3067.380402
0,-0.852333333,1.826013781,2997.116985
0,-0.93,1.915810857,3013.811029
0,-1.015166667,1.827238272,3031.097961
0,-0.9525,1.961611447,3067.090473
0,-1.036666667,1.963545485,3031.542374
0,-1.3105,1.867076274,2915.603671
0,-1.319833333,1.874518061,2920.69897
0,-1.206833333,1.818516565,2927.732457
0,-1.268,1.791558561,2845.898693
0,-1.221,1.747980115,2874.068634
0,-0.977833333,1.868848353,2972.420305
0,-0.844333333,1.922702762,3021.741229
0,-0.727,2.025513597,3070.64635
0,-0.6735,1.952445093,3050.9356
0,-0.921,1.85905512,2963.571638
0,-0.9525,1.940356391,2931.418086
0,-0.913666667,1.83137341,2909.083148
0,-0.715333333,1.847795873,2962.28769
0,-0.501833333,1.77920626,2950.031338
0,-0.337,1.822567145,3047.759739
0,-0.703,1.652968128,2844.081696
0,-1.0035,1.638353636,2760.394726
0,-1.029333333,1.594284942,2730.893544
0,-1.122,1.519579729,2551.177695
0,-0.967166667,1.678311594,2703.523239
1,-1.235333333,1.553613602,2596.007217
1,-1.152166667,1.310667454,2554.954781
0,0.677166667,1.903718547,3549.838143
0,-0.188166667,1.683708333,3421.055371
0,-0.446,1.737466517,3312.693253
0,-0.588666667,1.746254818,3249.392344
0,-0.495166667,1.749317034,3253.785766
0,-0.343166667,1.950338245,3314.452539
0,-0.1545,2.033422068,3402.151379
0,-0.0575,2.117548485,3525.731454
0,-0.338666667,1.97512036,3355.0127
0,-0.6955,1.77205378,3160.731133
0,-1.0135,1.677987528,2984.641549
0,-0.960166667,1.62795431,2982.908635
0,-0.777666667,1.863991282,3071.814758
0,-0.783333333,1.867351736,3081.427361
0,-0.7995,2.033340351,3170.114479
0,-0.9505,2.008947311,3088.33891
0,-1.006,1.853204027,3040.766607
0,-1.0015,1.951579615,3050.284715
0,-0.997666667,2.013788472,3075.854135
0,-0.972,2.007611982,3059.932645
0,-0.882833333,1.940853473,3052.742321
0,-0.953666667,1.95135519,3037.23771
0,-1.099166667,1.876180818,2941.642215
0,-1.051,1.842299838,2922.71496
0,-0.935,1.895464496,2987.031513
0,-0.883666667,1.905438335,2989.627447
0,-0.645833333,1.918939491,3024.409879
0,-0.911333333,1.907959122,2962.370924
0,-0.854333333,1.840680251,2956.144175
0,-0.728333333,1.81898518,2981.114068
0,-0.773333333,1.821167246,2953.934799
0,-0.553333333,1.781899145,2926.831545
0,0.043833333,1.815275575,3151.729973
0,-0.148,1.754260964,3075.964884
0,-0.567666667,1.818437777,2992.411975
0,-0.863666667,1.829080561,2858.084049
1,-1.2135,1.665300834,2606.954309
0,-0.996166667,1.614575567,2605.006032
0,0.042833333,1.751526143,2879.204906
0,0.850833333,1.864605934,3500.637929
0,-0.255166667,1.595558957,3278.520638
0,-0.429833333,1.786619052,3309.352674
0,-0.730666667,1.749441035,3199.11119
0,-1.051333333,1.512081948,2949.41095
0,-0.6445,1.73904504,3151.393938
0,0.179666667,2.125318135,3513.075901
0,0.373666667,2.131977167,3581.364867
0,0.1155,2.016012638,3516.217513
0,-0.444166667,1.919813243,3295.967916
0,-0.681333333,1.807845813,3135.288197
0,-0.730666667,1.850257026,3105.205137
0,-0.7795,1.801115381,3013.364503
0,-0.744,1.994700807,3131.437626
0,-0.947166667,2.016909072,3076.529761
0,-0.861166667,2.057651302,3133.15632
0,-0.915,2.053614592,3073.969156
0,-0.866833333,2.055514607,3120.804077
0,-0.985333333,2.016806313,3042.104873
0,-0.742166667,2.110965951,3172.1027
0,-0.7235,2.078527892,3161.630169
0,-0.763333333,2.080668718,3141.574785
0,-0.800833333,2.068371058,3093.463349
0,-0.809833333,2.005874638,3058.603511
0,-0.794666667,1.935957716,3034.193272
0,-0.732,1.950587559,3052.637364
0,-0.716833333,2.021676641,3050.451688
0,-0.819,1.985232262,2970.696419
0,-0.7965,1.936586522,2921.376207
0,-0.894333333,1.757564754,2779.711298
0,-0.9855,1.702579995,2754.450763
0,-0.245,1.826081658,3034.167095
0,0.280666667,1.901526311,3225.359585
0,0.035166667,1.916237515,3158.205087
0,-0.404666667,1.803553165,2968.847243
0,-0.532666667,1.806110416,2862.146276
0,-0.785833333,1.726844421,2754.4787
0,-0.4,1.682554871,2710.808432
0,0.072833333,1.707225205,3417.867161
0,-0.511833333,1.738817899,3228.084563
0,-0.885166667,1.635859133,3070.798022
0,-0.887166667,1.703726361,3159.020411
0,-0.696333333,1.644326877,3043.408912
0,0.338833333,2.106500726,3548.430704
0,0.634833333,2.137834193,3645.707619
0,0.327666667,2.051013034,3554.171377
0,-0.391666667,1.821652029,3256.84597
0,-0.694333333,1.873148817,3132.368425
0,-0.674,1.91275337,3173.740455
0,-0.694166667,1.90550728,3135.758107
0,-0.653,2.05459033,3187.254868
0,-0.806833333,2.087918305,3153.374896
0,-0.806833333,2.083381798,3141.726514
0,-0.6735,2.114565805,3194.335418
0,-0.607166667,2.115909768,3205.406937
0,-0.6255,2.133119787,3242.019664
0,-0.591333333,2.14911214,3230.707216
0,-0.6365,2.139018441,3185.970585
0,-0.752,2.081583242,3124.653682
0,-0.754166667,2.055254035,3087.525911
0,-0.780166667,2.083956054,3035.835241
0,-0.745833333,2.022062068,3036.877926
0,-0.759833333,2.003985124,3045.627034
0,-0.855333333,1.928788898,2981.78561
0,-0.969333333,1.835222019,2859.40806
0,-0.991833333,1.696044991,2748.3734
0,-0.863166667,1.657407735,2765.848523
0,-0.360333333,1.814630424,2989.272171
0,-0.038666667,1.926012765,3079.74539
0,-0.006166667,1.955749544,3067.010704
0,0.083333333,1.905846565,3027.363488
0,1.042333333,1.773132806,3464.905058
0,0.023166667,1.487198866,3200.79388
0,-0.322833333,1.710067268,3292.116013
0,-0.710333333,1.607723394,3122.973279
0,-0.8075,1.799297535,3174.771753
0,-0.549833333,1.660528004,3102.970143
0,0.330833333,1.994417516,3502.541191
0,0.963166667,2.061694789,3730.753185
0,0.846333333,2.096746199,3706.485735
0,0.329333333,1.987524131,3585.907733
0,-0.493,1.876224532,3227.541853
0,-0.6265,1.955623297,3263.839971
0,-0.951166667,1.867746982,3054.087117
0,-1.066666667,1.846979631,2953.848422
0,-0.7905,2.094854299,3199.725103
0,-0.901666667,2.074226527,3081.86849
0,-0.703,2.113625887,3178.452948
0,-0.513833333,2.106692234,3254.526665
0,-0.664833333,2.099349558,3206.314092
0,-0.623,2.113581969,3209.785567
0,-0.659166667,2.075915867,3170.377068
0,-0.733833333,2.036260249,3114.343093
0,-0.7205,1.995374836,3077.445018
0,-0.544833333,1.989175009,3050.195782
0,-0.5345,1.988502251,3035.050388
0,-0.8115,2.006241719,3020.863233
0,-1.061,1.779594568,2826.138798
0,-0.999333333,1.603512768,2740.77442
0,-0.853333333,1.665926907,2834.668829
0,-0.597166667,1.83217584,2945.102845
0,0.140333333,1.950816414,3075.556264
0,0.288166667,1.969949654,2978.79465
0,0.737,1.756806516,3452.693608
0,0.018833333,1.668487351,3386.103428
0,-0.330166667,1.704999555,3256.07906
0,-0.819333333,1.598136577,2995.94891
0,-0.848333333,1.780955164,3128.883456
0,-0.975333333,1.557886081,2900.076628
0,-0.2,1.775087811,3285.105215
0,0.4725,2.049018081,3539.306775
0,0.6265,2.186019025,3667.141604
0,-0.035,2.001784191,3431.445407
0,-0.473333333,1.994006679,3275.731645
0,-0.668833333,2.0088862,3206.315815
0,-1.007666667,1.826144848,3043.953206
0,-1.105166667,1.828168118,2969.888382
0,-0.7335,2.137296909,3207.968304
0,-0.540666667,2.12378765,3280.892815
0,-0.390666667,2.122061976,3270.979626
0,-0.673666667,2.100967425,3182.725111
0,-0.856333333,2.061050529,3115.721977
0,-0.643833333,2.097204136,3212.762991
0,-0.575666667,2.037468833,3204.851501
0,-0.673166667,1.982222335,3126.523794
0,-0.4185,1.926159747,3099.381892
0,0.086666667,1.949712271,3152.237381
0,-0.490666667,1.9496363,3037.827366
0,-0.9195,1.801874115,2959.597547
0,-0.779166667,1.633216652,2849.527044
0,-0.266,1.866827657,2989.521808
0,0.199666667,1.931906213,3013.923242
0,0.2865,1.76536714,3377.257462
0,-0.558666667,1.686960125,3170.548936
0,-0.585666667,1.616309405,3117.079563
0,-0.6175,1.595454749,3150.971574
0,-0.656,1.911517216,3228.192624
0,-0.854,1.692829291,2989.864847
0,-0.307666667,1.886674019,3255.544935
0,0.2505,2.216274172,3511.620961
0,0.234833333,2.192304221,3515.665433
0,-0.348,1.998641558,3281.877232
0,-0.656333333,1.938487255,3181.405503
0,-0.6885,1.968160566,3176.666663
0,-0.818833333,1.9564461,3095.852948
0,-0.7895,1.9938581,3159.486571
0,-0.797333333,2.019798823,3131.81057
0,-0.601833333,2.083760042,3233.379628
0,-0.456333333,2.139030594,3278.735095
0,-0.625833333,2.065860411,3184.660647
0,-0.757,2.030387084,3149.302694
0,-0.760333333,2.042953455,3142.173659
0,-0.667833333,2.027032234,3131.619386
0,-0.628333333,1.923425776,3091.254703
0,-0.228,1.860225363,3115.807076
0,-0.29,1.898392426,3045.702709
0,-0.002666667,1.823443399,3056.60111
0,0.702,1.859597792,3490.626386
0,-0.4035,1.683724656,3177.356819
0,-0.6615,1.497136489,3064.794207
0,-0.6385,1.602186819,3068.546669
0,-0.537333333,1.900614269,3213.503848
0,-0.619666667,1.880518577,3082.511955
0,-0.491666667,1.831678496,3049.051155
0,0.099333333,2.277830739,3437.732908
0,0.062166667,2.209430224,3417.305209
0,-0.458666667,2.004750068,3191.361504
0,-0.608666667,1.936808384,3107.598237
0,-0.734833333,1.987124183,3109.811442
0,-0.793666667,2.029255915,3113.91039
0,-0.961666667,1.981712122,3011.441027
0,-1.0265,1.928441495,2975.916248
0,-0.872833333,1.898254545,3016.1707
0,-0.468,2.074917279,3229.994583
0,-0.477333333,2.111937683,3246.751693
0,-0.714666667,2.012818105,3175.106222
0,-0.822833333,1.979869625,3109.226996
0,-0.806166667,1.954111633,3060.294996
0,-0.6355,1.902812002,3113.045533
0,-0.089666667,1.830385621,3149.942481
0,0.040833333,1.732908474,3246.828371
0,-0.361,1.686875863,3232.151102
0,-0.519166667,1.761799393,3090.393234
0,-0.265666667,1.971188832,3315.818635
0,-0.0595,2.022451807,3271.898658
0,0.306666667,2.11878942,3470.046836
0,0.474833333,2.237327414,3505.541271
0,0.294166667,2.242657591,3449.00878
0,-0.19,2.146485052,3290.62409
0,-0.388833333,2.091023842,3208.510715
0,-0.552833333,2.056139757,3149.207627
0,-0.6235,2.089373474,3131.126014
0,-0.771333333,2.056798035,3070.668513
0,-0.884833333,2.018243287,3043.746812
0,-0.787,1.912871481,3013.538866
0,-0.378166667,1.964089211,3180.387115
0,-0.471833333,2.049140075,3223.241746
0,-1.068166667,1.919897036,3074.943394
0,-1.164666667,1.86692796,3026.006912
0,-0.865666667,1.917896622,3122.036813
0,-0.821833333,1.846083347,3109.522087
0,-0.789166667,1.752683359,3007.91618
0,-0.367833333,1.654297136,3006.450475
0,0.238,1.793543436,3077.058392
0,0.4445,1.814831777,3303.556361
0,-0.263666667,1.844218234,3246.86116
0,-0.429166667,1.894511595,3180.996706
0,-0.494833333,2.051707435,3276.469778
0,-0.485666667,1.829966533,3092.923041
0,0.326,2.000725229,3456.847774
0,0.797166667,2.287007499,3565.021212
0,0.487833333,2.319294451,3494.488636
0,-0.027833333,2.178491198,3337.016907
0,-0.207666667,2.153057327,3250.905285
0,-0.282,2.194984828,3279.911743
0,-0.272333333,2.179025487,3283.994537
0,-0.493,2.162469669,3163.4875
0,-0.695,2.096854702,3116.451515
0,-0.734166667,1.943051417,3038.689106
0,-0.516833333,1.997454308,3148.922699
0,-0.725,1.934242397,3129.486442
0,-1.445666667,1.788350189,2940.675921
0,-1.547666667,1.755290055,2882.325522
0,-1.125333333,1.726695313,2967.994981
0,-1.006166667,1.641659988,2977.571557
0,-0.942833333,1.594233263,2964.676225
0,-0.745166667,1.637890845,2964.957076
0,0.355,1.832180067,3164.316895
0,0.021333333,1.928728782,3297.857259
0,-0.201666667,1.958187036,3316.640819
0,-0.293333333,1.955491882,3267.983557
0,-0.382,1.721583,3052.357882
0,0.4645,2.167908713,3450.45516
0,0.144166667,2.316047753,3375.383151
0,0.157333333,2.233906365,3369.372706
0,-0.047,2.174439845,3292.378116
0,-0.2215,2.179541011,3297.191762
0,-0.500666667,2.205490339,3197.039242
0,-0.6985,2.109332297,3090.486291
0,-0.768833333,1.992694811,3028.043857
0,-0.586666667,1.998614724,3131.278977
0,-0.661166667,1.984945424,3140.390426
0,-0.980666667,1.853194337,3042.234547
0,-1.099666667,1.763938669,2963.029134
0,-0.9025,1.737512771,2985.938128
0,-0.783833333,1.761895496,3036.748941
0,-0.808166667,1.644310505,2997.756989
0,-0.5575,1.699104531,3024.897319
0,0.169,1.860201918,3125.743318
0,2.202333333,0.719223607,3034.622698
0,0.460166667,1.998408146,3443.017168
0,0.034,1.937886303,3348.233122
0,-0.126166667,1.864173392,3252.842626
0,-0.022666667,1.796169302,3195.509697
0,0.819,2.158620244,3491.245794
0,0.982333333,2.306121,3469.038823
0,0.838666667,2.260580768,3440.143809
0,0.267,2.24064159,3372.338573
0,-0.301666667,2.156970609,3246.602754
0,-0.616,2.164693421,3177.222052
0,-0.633,2.112809885,3124.68128
0,-0.673666667,2.070807571,3067.585669
0,-0.600333333,2.036923105,3090.146262
0,-0.658166667,1.989242204,3085.985365
0,-0.704666667,1.918545474,3070.65352
0,-0.613333333,1.870333974,3057.347702
0,-0.584333333,1.852905669,3050.097917
0,-0.546833333,1.807174726,3119.744671
0,-0.6905,1.761718444,3033.253995
0,-0.592166667,1.652472068,2945.985585
0,0.313666667,1.852486767,3343.475899
0,-0.267666667,1.631286647,3098.532666
0,0.031833333,1.911086417,3320.985776
0,0.783833333,2.121074672,3446.927655
0,0.449166667,2.329305717,3347.691216
0,-0.328666667,2.191933295,3186.610896
0,-0.370833333,2.102978115,3224.476311
0,-0.314333333,2.124398002,3245.969282
0,-0.5155,2.038848958,3142.776054
0,-0.589,2.055808278,3087.928766
0,-0.582833333,2.046143474,3105.138949
0,-0.601666667,1.925043167,3072.087036
0,-0.552833333,1.844991272,3027.829727
0,-0.408,1.873036808,3091.320785
0,-0.433666667,1.877007679,3099.866222
0,-0.588833333,1.830280652,3031.046304
0,-0.474166667,1.732549931,2994.592942
0,-0.271333333,1.598710774,3098.084445
0,-0.254,1.948923645,3263.01308
0,0.5915,2.142637292,3426.25999
0,0.164666667,2.202197445,3289.218359
0,-0.216166667,2.13477402,3225.472136
0,-0.515833333,2.044525171,3125.71777
0,-0.633333333,2.051015836,3069.426894
0,-0.581666667,2.006281359,3086.660667
0,-0.5695,1.991289411,3070.925694
0,-0.4665,1.97731622,3086.121932
0,-0.214,1.95248466,3171.308859
0,-0.141833333,1.930572015,3170.42481
0,-0.282333333,1.874967678,3120.116044
0,-0.039,1.81322538,3077.547527
0,0.607333333,1.694956271,3243.101522
0,0.451,2.009147771,3376.214198
0,0.517166667,2.169141403,3426.460945
0,0.214666667,2.107040783,3229.496505
0,-0.344,2.107629188,3167.711961
0,-0.569833333,2.028584083,3096.34911
0,-0.604666667,2.065781445,3076.731948
0,-0.594666667,2.039920275,3069.711217
0,-0.460833333,2.002185824,3099.295159
0,-0.189833333,1.980692955,3151.065376
0,-0.0785,1.941110693,3162.810287
0,0.093,1.900927864,3145.928518
0,0.157166667,2.033202314,3211.395943
0,-0.259666667,2.005499106,3128.032567
0,-0.595333333,1.987735056,3067.135215
0,-0.540666667,2.023663764,3104.100538
0,-0.203,2.024739669,3139.188935
0,0.093333333,1.962356909,3146.205478
0,1.619,0.634150695,2885.709201
0,1.155,0.715206101,2776.104112
0,1.0155,0.761963827,2713.6073
0,0.672666667,0.811395135,2623.226438
0,1.1115,0.724474598,2681.30479
0,1.509333333,0.7648141,2817.109905
